;;"I02";"I02";"I02";"I02";"I02";"I02";"I03";"I03";"I03";"I03";"I03";"I03";"I04";"I04";"I04";"I04";"I04";"I04";"I07";"I07";"I07";"I07";"I07";"I07";"I08";"I08";"I08";"I08";"I08";"I08";"I09";"I09";"I09";"I09";"I09";"I09";"I11";"I11";"I11";"I11";"I11";"I11";"I12";"I12";"I12";"I12";"I12";"I12";"I14";"I14";"I14";"I14";"I14";"I14";"I17";"I17";"I17";"I17";"I17";"I17";"I19";"I19";"I19";"I19";"I19";"I19";"I22";"I22";"I22";"I22";"I22";"I22";"I23";"I23";"I23";"I23";"I23";"I23";"I24";"I24";"I24";"I24";"I24";"I24";"I25";"I25";"I25";"I25";"I25";"I25";"I28";"I28";"I28";"I28";"I28";"I28";"I29";"I29";"I29";"I29";"I29";"I29";"I30";"I30";"I30";"I30";"I30";"I30";"I32";"I32";"I32";"I32";"I32";"I32";"I36";"I36";"I36";"I36";"I36";"I36";"I37";"I37";"I37";"I37";"I37";"I39";"I39";"I39";"I39";"I39";"I39";"I40";"I40";"I40";"I40";"I40";"I40"
"Time";"Time";"Lat";"Lon";"PM1";"PM2.5";"PM10";"NO2";"Lat";"Lon";"PM1";"PM2.5";"PM10";"NO2";"Lat";"Lon";"PM1";"PM2.5";"PM10";"NO2";"Lat";"Lon";"PM1";"PM2.5";"PM10";"NO2";"Lat";"Lon";"PM1";"PM2.5";"PM10";"NO2";"Lat";"Lon";"PM1";"PM2.5";"PM10";"NO2";"Lat";"Lon";"PM1";"PM2.5";"PM10";"NO2";"Lat";"Lon";"PM1";"PM2.5";"PM10";"NO2";"Lat";"Lon";"PM1";"PM2.5";"PM10";"NO2";"Lat";"Lon";"PM1";"PM2.5";"PM10";"NO2";"Lat";"Lon";"PM1";"PM2.5";"PM10";"NO2";"Lat";"Lon";"PM1";"PM2.5";"PM10";"NO2";"Lat";"Lon";"PM1";"PM2.5";"PM10";"NO2";"Lat";"Lon";"PM1";"PM2.5";"PM10";"NO2";"Lat";"Lon";"PM1";"PM2.5";"PM10";"NO2";"Lat";"Lon";"PM1";"PM2.5";"PM10";"NO2";"Lat";"Lon";"PM1";"PM2.5";"PM10";"NO2";"Lat";"Lon";"PM1";"PM2.5";"PM10";"NO2";"Lat";"Lon";"PM1";"PM2.5";"PM10";"NO2";"Lat";"Lon";"PM1";"PM2.5";"PM10";"NO2";"Lat";"Lon";"PM1";"PM2.5";"PM10";"Lat";"Lon";"PM1";"PM2.5";"PM10";"NO2";"Lat";"Lon";"PM1";"PM2.5";"PM10";"NO2"
"UTC";"Local";"°";"°";"μg/m³";"μg/m³";"μg/m³";"μg/m³
";"°";"°";"μg/m³";"μg/m³";"μg/m³";"μg/m³
";"°";"°";"μg/m³";"μg/m³";"μg/m³";"μg/m³
";"°";"°";"μg/m³";"μg/m³";"μg/m³";"μg/m³
";"°";"°";"μg/m³";"μg/m³";"μg/m³";"μg/m³
";"°";"°";"μg/m³";"μg/m³";"μg/m³";"μg/m³
";"°";"°";"μg/m³";"μg/m³";"μg/m³";"μg/m³
";"°";"°";"μg/m³";"μg/m³";"μg/m³";"μg/m³
";"°";"°";"μg/m³";"μg/m³";"μg/m³";"μg/m³
";"°";"°";"μg/m³";"μg/m³";"μg/m³";"μg/m³
";"°";"°";"μg/m³";"μg/m³";"μg/m³";"μg/m³
";"°";"°";"μg/m³";"μg/m³";"μg/m³";"μg/m³
";"°";"°";"μg/m³";"μg/m³";"μg/m³";"μg/m³
";"°";"°";"μg/m³";"μg/m³";"μg/m³";"μg/m³
";"°";"°";"μg/m³";"μg/m³";"μg/m³";"μg/m³
";"°";"°";"μg/m³";"μg/m³";"μg/m³";"μg/m³
";"°";"°";"μg/m³";"μg/m³";"μg/m³";"μg/m³
";"°";"°";"μg/m³";"μg/m³";"μg/m³";"μg/m³
";"°";"°";"μg/m³";"μg/m³";"μg/m³";"μg/m³
";"°";"°";"μg/m³";"μg/m³";"μg/m³";"μg/m³
";"°";"°";"μg/m³";"μg/m³";"μg/m³";"°";"°";"μg/m³";"μg/m³";"μg/m³";"μg/m³
";"°";"°";"μg/m³";"μg/m³";"μg/m³";"μg/m³
"
2021-01-01 00:00:00;2021-01-01 01:00:00;51,4379;5,3582;27,78;33,11;37,81;24;;;;;;;;;;;;;;;;;;;;;;;;;51,4422;5,4844;24,14;27,60;31,84;22;51,4454;5,4854;24,14;28,97;33,14;14;51,4416;5,4714;22,46;26,25;30,40;25;;;;;;;;;;;;;;;;;;;;;;;;;;;;;;;51,4447;5,4788;24,22;29,10;33,60;19;51,4546;5,3888;25,68;29,25;32,96;24;;;;;;;51,4439;5,4754;24,92;28,62;33,04;;;;;;;;51,4797;5,4751;25,91;29,15;32,65;13;51,4388;5,4821;29,17;34,66;39,91;18;51,4685;5,4721;28,34;34,01;38,66;;;;;;;51,4528;5,4851;29,36;35,38;39,41;27
2021-01-02 00:00:00;2021-01-02 01:00:00;51,4379;5,3582;31,84;45,09;51,59;19;;;;;;;;;;;;;;;;;;;;;;;;;51,4422;5,4844;31,16;37,62;41,62;16;51,4454;5,4854;29,36;38,29;42,80;6;51,4416;5,4714;28,72;35,81;40,06;19;;;;;;;;;;;;;;;;;;;;;;;;;;;;;;;51,4447;5,4788;29,43;39,18;44,54;13;51,4546;5,3887;33,89;43,72;48,51;21;;;;;;;51,4354;5,4801;34,24;41,51;46,24;;;;;;;;51,4797;5,4751;36,24;41,93;44,93;12;51,4386;5,4820;36,72;47,62;53,34;10;51,4686;5,4722;35,88;46,57;51,43;;;;;;;51,4528;5,4851;36,32;46,27;51,24;16
2021-01-03 00:00:00;2021-01-03 01:00:00;51,4379;5,3582;23,72;34,22;38,46;13;;;;;;;;;;;;;;;;;;;;;;;;;51,4422;5,4844;22,78;28,23;30,81;9;51,4454;5,4854;21,37;28,95;32,17;3;51,4416;5,4714;20,92;27,19;30,35;13;;;;;;;;;;;;;;;;;;;;;;;;;;;;;;;51,4447;5,4787;21,17;29,34;32,70;9;51,4546;5,3887;25,72;32,65;35,28;14;;;;;;;51,4353;5,4800;23,93;30,14;33,50;;;;;;;;51,4797;5,4751;25,86;30,82;32,98;5;51,4384;5,4819;26,82;36,06;40,16;7;51,4687;5,4724;25,81;34,52;38,17;;;;;;;51,4528;5,4851;26,28;34,63;37,99;11
2021-01-04 00:00:00;2021-01-04 01:00:00;51,4379;5,3582;5,35;5,97;7,94;9;;;;;;;;;;;;;;;;;;;;;;;;;51,4422;5,4844;4,05;4,33;6,29;6;51,4454;5,4854;5,37;5,78;7,66;4;51,4416;5,4714;3,68;4,08;6,13;9;;;;;;;;;;;;;;;;;;;;;;;;;;;;;;;51,4447;5,4787;4,72;5,15;7,05;6;51,4546;5,3887;4,36;4,79;6,79;11;;;;;;;51,4350;5,4798;3,36;3,89;6,21;;;;;;;;51,4797;5,4751;3,62;4,03;6,04;5;51,4386;5,4814;5,29;5,83;7,82;8;51,4686;5,4723;5,24;5,70;7,66;;;;;;;51,4528;5,4851;6,31;6,78;8,65;9
2021-01-05 00:00:00;2021-01-05 01:00:00;51,4379;5,3581;21,11;23,40;24,02;10;;;;;;;;;;;;;;;;;;;;;;;;;51,4422;5,4844;16,20;16,95;17,88;7;51,4454;5,4854;18,30;19,60;20,18;3;51,4416;5,4714;14,58;15,53;16,67;9;;;;;;;;;;;;;;;;;;;;;;;;;;;;;;;51,4447;5,4787;17,46;18,89;19,75;6;51,4546;5,3887;16,97;18,08;19,05;12;;;;;;;51,4352;5,4798;14,84;15,84;17,41;7;;;;;;;51,4797;5,4751;15,44;16,22;17,32;5;51,4386;5,4820;19,30;20,97;21,89;8;51,4684;5,4723;19,90;21,54;22,19;51,4390;5,4650;20,59;21,65;22,51;;51,4528;5,4851;21,35;22,82;23,25;10
2021-01-06 00:00:00;2021-01-06 01:00:00;51,4379;5,3582;17,20;19,00;22,28;19;;;;;;;;;;;;;;;;;;;;;;;;;51,4422;5,4844;12,99;14,09;17,10;18;51,4454;5,4854;14,90;16,20;19,26;14;51,4416;5,4714;11,93;13,13;16,38;20;;;;;;;;;;;;;;;;;;;;;;;;;;;;;;;51,4447;5,4787;14,81;16,28;19,63;16;51,4546;5,3887;12,99;14,38;17,44;21;;;;;;;51,4351;5,4798;11,31;12,65;16,34;18;;;;;;;51,4797;5,4751;11,77;12,85;15,84;14;51,4386;5,4815;15,69;17,29;20,84;21;51,4684;5,4723;16,63;18,19;21,44;;;;;;;51,4528;5,4851;18,42;19,89;23,29;23
2021-01-07 00:00:00;2021-01-07 01:00:00;51,4379;5,3582;5,82;6,87;10,19;16;;;;;;;51,4915;5,4392;3,26;4,61;9,01;6;;;;;;;;;;;;;51,4422;5,4844;6,43;7,49;10,51;20;51,4454;5,4854;7,31;8,32;11,31;20;51,4416;5,4714;5,32;6,31;9,29;21;;;;;;;;;;;;;51,4332;5,5197;3,82;4,82;8,93;18;;;;;;;;;;;;;51,4447;5,4787;7,27;8,36;11,62;18;51,4546;5,3887;4,91;5,94;8,83;13;;;;;;;51,4351;5,4798;5,03;6,09;9,82;24;51,4374;5,4515;5,39;6,34;10,76;5;51,4797;5,4751;4,78;5,71;8,64;17;51,4386;5,4819;7,76;8,93;12,15;28;51,4684;5,4723;7,65;8,75;11,78;51,4390;5,4650;4,18;5,15;7,66;4;51,4527;5,4851;10,33;11,63;14,77;28
2021-01-08 00:00:00;2021-01-08 01:00:00;51,4379;5,3582;3,68;4,16;6,64;11;;;;;;;51,4915;5,4392;4,80;5,38;8,08;23;;;;;;;;;;;;;51,4422;5,4844;5,18;5,73;8,04;16;51,4454;5,4854;6,61;7,22;9,50;11;51,4416;5,4714;4,59;5,18;7,65;12;;;;;;;;;;;;;51,4332;5,5196;5,51;6,19;8,85;13;;;;;;;;;;;;;51,4447;5,4787;6,91;7,77;10,33;15;51,4546;5,3887;3,33;3,80;6,18;14;;;;;;;51,4351;5,4798;4,78;5,54;8,89;19;51,4374;5,4515;6,15;6,81;9,64;24;51,4797;5,4751;6,94;7,62;9,81;11;51,4386;5,4817;6,40;7,09;9,69;19;51,4684;5,4723;8,99;10,06;12,35;51,4390;5,4650;6,96;7,72;10,09;15;51,4528;5,4851;8,29;9,03;11,41;17
2021-01-09 00:00:00;2021-01-09 01:00:00;51,4379;5,3582;20,46;22,61;25,42;19;;;;;;;51,4915;5,4392;13,28;14,96;19,16;25;;;;;;;;;;;;;51,4422;5,4844;16,66;18,20;21,22;29;51,4454;5,4854;17,77;19,58;22,68;23;51,4416;5,4714;15,05;16,60;19,50;13;;;;;;;;;;;;;51,4332;5,5197;13,22;14,72;18,82;32;;;;;;;;;;;;;51,4447;5,4787;18,16;20,13;23,62;22;51,4546;5,3887;16,43;18,06;21,03;20;;;;;;;51,4351;5,4798;15,99;17,54;20,73;22;51,4374;5,4515;16,03;17,61;21,62;33;51,4797;5,4751;13,69;15,09;18,12;21;51,4388;5,4822;19,95;22,21;25,48;29;51,4684;5,4723;18,88;20,85;24,41;51,4390;5,4650;17,27;18,97;21,72;20;51,4528;5,4851;21,00;23,04;26,36;33
2021-01-10 00:00:00;2021-01-10 01:00:00;51,4379;5,3581;30,88;35,01;39,48;37;;;;;;;51,4915;5,4392;20,48;23,01;28,18;41;;;;;;;;;;;;;51,4422;5,4844;23,78;26,11;30,35;32;51,4454;5,4854;25,72;28,58;32,85;34;51,4414;5,4713;22,57;25,11;29,20;28;;;;;;;;;;;;;51,4332;5,5197;20,24;23,13;28,63;43;;;;;;;;;;;;;51,4444;5,4786;25,58;28,63;33,76;28;51,4545;5,3888;25,97;28,81;33,06;35;;;;;;;51,4351;5,4798;24,27;26,76;31,40;26;51,4375;5,4517;22,12;24,77;30,18;45;51,4797;5,4751;22,78;24,79;28,44;33;51,4387;5,4822;28,70;32,10;37,17;42;51,4684;5,4723;29,43;32,75;37,79;51,4390;5,4650;26,30;28,99;32,99;38;51,4528;5,4851;30,95;34,07;38,41;50
2021-01-11 00:00:00;2021-01-11 01:00:00;51,4379;5,3582;24,48;28,19;31,85;23;;;;;;;51,4915;5,4392;17,23;19,67;23,72;29;51,4568;5,4383;12,72;14,60;19,15;8;;;;;;;51,4422;5,4844;21,38;23,47;26,34;14;51,4454;5,4854;22,75;25,47;28,56;26;51,4413;5,4713;19,34;21,63;24,70;20;;;;;;;51,4136;5,4707;14,87;17,06;20,88;3;51,4332;5,5197;19,04;22,25;27,32;32;51,4372;5,4233;14,30;16,80;21,93;3;;;;;;;51,4444;5,4787;22,41;25,34;28,82;16;51,4545;5,3888;21,30;23,80;26,59;23;;;;;;;51,4351;5,4798;21,26;23,55;26,70;9;51,4375;5,4517;18,93;21,52;26,18;34;51,4797;5,4751;21,76;23,61;26,43;25;51,4388;5,4825;24,86;28,16;31,85;36;51,4684;5,4723;26,65;29,97;33,13;51,4390;5,4650;23,34;25,88;28,80;28;51,4528;5,4851;27,05;30,02;33,28;38
2021-01-12 00:00:00;2021-01-12 01:00:00;51,4379;5,3582;3,23;5,22;10,35;17;;;;;;;51,4915;5,4392;3,15;5,11;10,48;30;51,4568;5,4383;2,95;4,30;9,29;18;;;;;;;51,4422;5,4844;3,69;5,60;9,70;15;51,4454;5,4854;4,15;5,98;9,98;24;51,4414;5,4714;3,30;5,05;9,27;18;;;;;;;51,4136;5,4707;3,01;4,71;9,13;20;51,4332;5,5198;3,47;5,15;11,21;35;51,4372;5,4233;3,77;5,47;11,05;19;;;;;;;51,4444;5,4788;4,01;5,92;10,26;19;51,4545;5,3888;3,97;6,09;10,02;11;;;;;;;51,4351;5,4798;3,66;5,50;10,06;21;51,4374;5,4516;4,07;5,39;10,63;34;51,4797;5,4751;3,52;5,18;9,22;20;51,4389;5,4817;4,95;6,97;11,36;37;51,4684;5,4723;4,30;6,33;10,71;51,4390;5,4650;4,86;6,95;11,12;28;51,4528;5,4851;4,91;6,91;11,02;43
2021-01-13 00:00:00;2021-01-13 01:00:00;51,4379;5,3582;9,52;13,57;22,70;34;;;;;;;51,4915;5,4392;7,07;11,20;21,49;43;51,4567;5,4382;7,14;9,91;19,10;35;;;;;;;51,4422;5,4844;8,83;12,84;20,18;30;51,4454;5,4854;9,45;13,06;20,15;30;51,4415;5,4714;7,76;11,52;18,64;32;;;;;;;51,4136;5,4707;8,26;11,65;19,03;29;51,4331;5,5198;7,33;10,91;22,77;40;51,4372;5,4233;7,25;10,69;22,25;41;;;;;;;51,4444;5,4788;9,08;12,95;20,97;30;51,4545;5,3888;9,09;13,37;20,54;30;;;;;;;51,4351;5,4798;8,31;12,12;19,39;34;51,4374;5,4516;8,41;10,98;21,84;42;51,4797;5,4751;8,29;12,04;18,66;25;51,4386;5,4819;10,85;15,06;23,19;49;51,4684;5,4723;10,34;14,41;22,54;51,4390;5,4650;10,68;15,46;22,96;40;51,4528;5,4851;11,43;15,45;23,28;53
2021-01-14 00:00:00;2021-01-14 01:00:00;51,4379;5,3581;7,43;9,94;15,40;27;;;;;;;51,4915;5,4392;6,36;8,74;15,26;35;51,4567;5,4382;6,39;8,34;14,20;28;;;;;;;51,4422;5,4844;7,24;9,70;15,23;26;51,4454;5,4854;7,86;10,33;15,24;21;51,4414;5,4714;6,33;8,68;13,66;27;;;;;;;51,4136;5,4708;6,39;8,56;13,35;24;51,4333;5,5198;5,28;7,31;13,66;30;51,4372;5,4233;6,38;8,64;15,68;43;;;;;;;51,4444;5,4788;7,24;9,71;14,95;28;51,4545;5,3888;7,25;9,82;14,72;32;;;;;;;51,4351;5,4798;6,45;8,91;14,24;27;51,4375;5,4517;7,43;9,33;16,70;42;51,4797;5,4751;7,22;9,50;13,91;18;51,4387;5,4820;8,36;10,99;16,39;32;51,4684;5,4723;8,97;11,54;16,63;51,4390;5,4650;8,04;10,87;16,05;31;51,4528;5,4851;9,57;12,23;17,69;40
2021-01-15 00:00:00;2021-01-15 01:00:00;51,4379;5,3582;20,88;23,20;27,13;25;;;;;;;51,4915;5,4392;14,71;16,34;20,47;32;51,4567;5,4382;14,97;16,40;20,34;31;;;;;;;51,4422;5,4844;16,63;17,98;21,53;31;51,4454;5,4854;18,72;20,40;23,92;19;51,4414;5,4714;15,09;16,65;20,39;22;;;;;;;51,4136;5,4707;17,33;19,15;22,77;20;51,4332;5,5198;13,46;15,00;19,06;28;51,4372;5,4233;14,28;15,83;20,05;40;;;;;;;51,4444;5,4788;18,50;20,41;24,59;28;51,4545;5,3888;16,70;18,33;22,06;34;;;;;;;51,4354;5,4799;15,38;16,98;20,92;30;51,4374;5,4517;17,16;18,94;23,59;29;51,4797;5,4751;15,36;16,71;20,04;19;51,4387;5,4821;19,54;21,64;25,80;24;51,4684;5,4723;21,25;23,22;27,11;51,4390;5,4650;17,69;19,53;23,34;25;51,4528;5,4850;22,65;24,59;28,76;24
2021-01-16 00:00:00;2021-01-16 01:00:00;51,4379;5,3582;27,06;29,60;31,53;28;;;;;;;51,4915;5,4392;19,11;20,70;23,86;32;51,4568;5,4383;19,44;20,95;23,82;29;;;;;;;51,4422;5,4844;22,31;23,41;25,36;28;51,4454;5,4854;24,32;26,02;28,21;22;51,4415;5,4714;20,26;21,75;24,17;26;;;;;;;51,4136;5,4707;22,88;24,89;26,76;16;51,4332;5,5198;17,88;19,64;23,16;23;51,4372;5,4233;18,29;19,97;23,66;37;;;;;;;51,4444;5,4788;24,35;26,26;28,88;23;51,4546;5,3887;23,24;24,92;27,17;31;;;;;;;51,4354;5,4799;21,96;23,26;26,02;25;51,4374;5,4516;20,43;22,25;26,17;31;51,4797;5,4751;21,49;22,67;24,73;22;51,4385;5,4816;25,59;27,59;30,01;22;51,4684;5,4723;27,73;29,80;31,87;51,4390;5,4650;23,74;25,33;27,77;27;51,4528;5,4850;28,63;30,53;32,88;37
2021-01-17 00:00:00;2021-01-17 01:00:00;51,4379;5,3581;16,77;22,21;29,52;17;;;;;;;51,4915;5,4392;13,14;17,74;26,38;20;51,4569;5,4383;12,51;15,87;22,90;17;;;;;;;51,4423;5,4845;16,36;20,94;26,85;14;51,4454;5,4854;16,83;21,44;27,09;17;51,4415;5,4714;14,67;19,10;24,79;17;;;;;;;51,4136;5,4707;14,49;18,93;24,78;12;51,4332;5,5198;13,00;17,44;27,10;17;51,4372;5,4233;12,38;16,70;26,56;22;;;;;;;51,4444;5,4788;16,59;21,45;27,89;16;51,4546;5,3887;16,45;21,31;26,92;15;;;;;;;51,4354;5,4799;16,52;20,82;26,23;19;51,4374;5,4517;13,35;16,94;26,21;22;51,4797;5,4751;16,89;20,76;25,28;14;51,4388;5,4817;19,35;24,63;30,49;17;51,4684;5,4723;19,40;24,60;30,81;51,4390;5,4650;18,26;23,43;29,17;19;51,4528;5,4850;19,89;24,75;30,65;34
2021-01-18 00:00:00;2021-01-18 01:00:00;51,4379;5,3581;12,69;17,39;26,34;18;;;;;;;51,4915;5,4392;9,34;13,98;24,47;25;51,4568;5,4382;9,22;12,38;21,93;23;;;;;;;51,4423;5,4845;10,85;15,07;21,76;19;51,4454;5,4854;12,08;16,17;23,28;18;51,4415;5,4714;9,73;13,93;20,52;20;;;;;;;51,4136;5,4707;10,02;13,87;20,36;14;51,4332;5,5197;9,79;14,02;25,69;31;51,4372;5,4233;10,04;14,33;26,19;24;;;;;;;51,4445;5,4787;11,34;15,56;23,43;18;51,4546;5,3887;11,13;15,77;22,74;26;;;;;;;51,4354;5,4799;10,30;14,60;21,81;17;51,4375;5,4517;10,30;13,21;24,05;27;51,4797;5,4751;10,54;14,75;21,23;13;51,4388;5,4817;13,26;17,98;26,13;24;51,4684;5,4723;13,52;18,19;26,04;51,4390;5,4650;12,17;17,19;24,22;25;51,4528;5,4850;14,09;18,58;26,09;40
2021-01-19 00:00:00;2021-01-19 01:00:00;51,4379;5,3582;5,24;7,00;11,35;6;;;;;;;51,4915;5,4392;4,42;6,12;11,49;10;51,4568;5,4382;4,52;5,81;10,66;12;;;;;;;51,4423;5,4845;4,81;6,40;10,01;5;51,4454;5,4854;5,82;7,34;11,14;8;51,4415;5,4714;4,44;6,03;9,86;7;;;;;;;51,4136;5,4707;4,74;6,20;10,06;8;51,4331;5,5197;5,94;7,68;13,48;19;51,4372;5,4233;5,84;7,54;12,50;9;;;;;;;51,4445;5,4787;5,57;7,14;11,38;9;51,4546;5,3887;5,23;6,93;10,54;12;;;;;;;51,4355;5,4799;4,41;6,06;10,08;4;51,4375;5,4517;5,07;6,22;11,13;13;51,4797;5,4751;4,34;5,84;9,45;5;51,4385;5,4815;6,65;8,51;12,67;15;51,4685;5,4723;6,17;7,89;11,95;51,4390;5,4650;5,65;7,57;11,66;9;51,4528;5,4850;6,93;8,60;12,73;20
2021-01-20 00:00:00;2021-01-20 01:00:00;51,4379;5,3581;4,19;5,33;8,85;7;;;;;;;51,4915;5,4392;3,59;4,71;8,91;12;51,4568;5,4383;3,83;4,72;8,56;14;;;;;;;51,4423;5,4845;3,64;4,52;7,62;7;51,4454;5,4854;4,49;5,46;8,46;12;51,4415;5,4714;3,61;4,58;7,77;7;51,4681;5,3902;2,49;3,55;7,01;2;51,4137;5,4707;3,72;4,66;7,56;11;51,4332;5,5197;5,23;6,34;10,63;23;51,4372;5,4233;4,58;5,60;9,58;12;;;;;;;51,4446;5,4787;4,78;5,88;8,97;16;51,4546;5,3887;4,50;5,60;8,80;12;;;;;;;51,4355;5,4799;3,22;4,17;7,37;7;51,4375;5,4517;4,44;5,23;8,76;20;51,4797;5,4751;3,38;4,37;7,32;10;51,4386;5,4819;5,26;6,40;9,68;26;51,4684;5,4723;4,98;6,07;9,26;51,4390;5,4650;4,61;5,77;9,05;12;51,4528;5,4851;5,67;6,75;9,88;20
2021-01-21 00:00:00;2021-01-21 01:00:00;51,4379;5,3582;2,62;4,49;9,51;14;;;;;;;51,4915;5,4392;2,86;4,69;10,73;17;51,4569;5,4385;2,82;4,28;9,64;16;;;;;;;51,4423;5,4845;3,10;4,76;8,96;16;51,4454;5,4854;3,50;5,24;9,36;39;51,4415;5,4714;2,86;4,54;8,65;15;51,4681;5,3901;2,79;4,55;9,27;17;51,4137;5,4708;2,56;4,21;8,37;22;51,4332;5,5197;4,80;6,69;12,65;24;51,4372;5,4233;4,31;6,19;11,55;26;;;;;;;51,4447;5,4787;3,57;5,38;9,90;28;51,4545;5,3888;3,84;5,72;9,80;29;;;;;;;51,4354;5,4797;3,03;4,76;9,22;16;51,4375;5,4517;2,89;4,09;9,88;31;51,4797;5,4751;3,21;4,90;8,88;26;51,4385;5,4821;4,60;6,58;11,19;48;51,4686;5,4722;3,83;5,77;10,27;51,4390;5,4650;4,22;6,30;10,88;20;51,4527;5,4852;4,20;6,00;10,39;41
2021-01-22 00:00:00;2021-01-22 01:00:00;51,4379;5,3582;7,66;9,98;15,50;34;;;;;;;51,4915;5,4392;6,71;9,03;14,88;42;51,4566;5,4383;6,06;7,50;12,40;35;;;;;;;51,4423;5,4845;6,83;9,03;13,36;35;51,4454;5,4854;8,12;10,24;14,69;38;51,4415;5,4714;6,42;8,66;13,05;38;51,4681;5,3901;5,89;7,80;12,78;25;51,4137;5,4708;6,44;8,37;12,52;27;51,4332;5,5197;6,84;9,00;15,84;40;51,4372;5,4233;7,16;9,54;16,24;47;;;;;;;51,4446;5,4787;7,48;9,71;14,64;37;51,4545;5,3888;6,69;9,06;13,68;42;;;;;;;51,4351;5,4796;6,39;8,58;13,43;34;51,4375;5,4518;7,18;8,72;14,97;51;51,4797;5,4751;6,56;8,63;12,85;28;51,4386;5,4815;8,69;11,10;15,97;40;51,4687;5,4721;9,14;11,53;16,40;51,4390;5,4650;8,21;10,88;16,01;44;51,4527;5,4852;9,67;11,98;16,85;57
2021-01-23 00:00:00;2021-01-23 01:00:00;51,4379;5,3581;11,28;13,39;17,70;28;;;;;;;51,4915;5,4392;8,66;10,79;16,09;31;51,4567;5,4382;8,85;10,38;15,19;25;;;;;;;51,4423;5,4845;9,18;11,10;14,99;24;51,4454;5,4854;11,26;13,25;17,33;21;51,4415;5,4714;8,81;10,85;14,79;26;51,4681;5,3901;8,83;10,69;14,76;24;51,4137;5,4708;9,82;11,71;15,62;18;51,4332;5,5197;8,48;10,32;15,98;22;51,4372;5,4233;8,76;10,72;16,28;35;;;;;;;51,4444;5,4788;10,72;12,90;17,21;27;51,4545;5,3887;9,47;11,67;15,68;30;;;;;;;51,4350;5,4798;8,50;10,60;14,73;25;51,4375;5,4517;10,53;12,16;17,42;37;51,4797;5,4751;9,02;10,95;14,80;19;51,4387;5,4818;11,30;13,57;17,98;24;51,4687;5,4721;12,60;14,84;19,16;51,4390;5,4650;10,52;12,88;17,08;33;51,4527;5,4852;13,47;15,59;20,00;39
2021-01-24 00:00:00;2021-01-24 01:00:00;51,4379;5,3581;11,50;13,31;17,41;23;;;;;;;51,4915;5,4392;7,76;9,43;14,19;20;51,4568;5,4384;8,47;9,72;13,82;19;;;;;;;51,4423;5,4845;9,31;10,71;14,46;19;51,4454;5,4854;10,79;12,33;16,12;13;51,4415;5,4714;7,96;9,41;12,95;23;51,4681;5,3901;8,11;9,51;13,42;20;51,4135;5,4707;9,08;10,46;14,09;11;51,4332;5,5197;7,27;8,56;13,10;21;51,4372;5,4233;7,90;9,38;13,97;28;;;;;;;51,4444;5,4788;10,69;12,45;16,37;19;51,4546;5,3887;8,68;10,26;13,99;20;;;;;;;51,4350;5,4798;7,75;9,18;12,74;21;51,4374;5,4514;9,42;10,58;14,90;25;51,4797;5,4751;7,78;9,14;12,84;11;51,4386;5,4817;10,83;12,49;16,42;16;51,4687;5,4721;11,13;12,78;16,77;51,4390;5,4650;9,73;11,41;15,13;27;51,4527;5,4852;12,66;14,21;18,01;26
2021-01-25 00:00:00;2021-01-25 01:00:00;51,4379;5,3582;17,86;20,20;25,14;27;;;;;;;51,4915;5,4392;11,34;13,27;18,83;36;51,4568;5,4384;13,25;14,85;19,88;30;51,4465;5,4482;10,66;13,27;18,31;5;51,4422;5,4844;14,50;16,29;20,50;25;51,4454;5,4854;16,20;18,12;22,35;16;51,4415;5,4713;13,06;14,93;19,14;28;51,4681;5,3901;13,80;15,74;20,42;17;51,4136;5,4707;15,33;17,31;21,21;13;51,4332;5,5197;12,21;13,98;19,55;28;51,4372;5,4233;12,71;14,77;20,47;30;51,4584;5,4050;14,10;16,78;22,85;37;51,4445;5,4787;15,70;17,77;22,27;22;51,4546;5,3887;14,33;16,42;20,72;28;;;;;;;51,4353;5,4799;13,59;15,51;19,80;24;51,4374;5,4515;14,55;16,24;21,56;31;51,4797;5,4751;12,33;14,07;17,95;15;51,4386;5,4817;17,75;19,96;24,72;22;51,4687;5,4721;17,63;19,75;24,09;51,4390;5,4650;15,69;17,91;22,11;32;51,4528;5,4851;19,31;21,53;26,14;29
2021-01-26 00:00:00;2021-01-26 01:00:00;51,4379;5,3582;7,83;11,33;19,19;18;;;;;;;51,4915;5,4392;6,29;9,74;18,89;31;51,4568;5,4384;6,20;8,69;17,76;22;51,4464;5,4483;7,38;10,44;16,39;33;51,4422;5,4844;7,43;10,78;17,28;19;51,4454;5,4854;8,08;11,13;17,37;20;51,4414;5,4713;6,57;9,73;15,85;21;51,4681;5,3901;6,28;9,26;16,32;12;51,4136;5,4707;6,65;9,53;15,89;14;51,4331;5,5197;6,67;9,69;19,69;28;51,4372;5,4233;6,74;9,83;19,61;23;51,4584;5,4050;8,19;11,77;20,17;34;51,4445;5,4787;7,66;10,86;17,85;21;51,4546;5,3887;7,52;11,12;17,50;20;;;;;;;51,4352;5,4800;6,91;10,12;16,86;20;51,4374;5,4515;6,65;8,82;18,40;31;51,4797;5,4751;6,95;10,11;15,73;17;51,4386;5,4817;9,15;12,60;19,70;25;51,4686;5,4721;8,76;12,18;19,11;51,4390;5,4650;8,32;12,19;18,36;25;51,4528;5,4850;10,12;13,42;20,40;32
2021-01-27 00:00:00;2021-01-27 01:00:00;51,4379;5,3581;16,16;21,02;25,24;22;;;;;;;51,4915;5,4392;12,27;15,97;20,57;33;51,4568;5,4382;12,29;15,20;19,10;30;51,4465;5,4485;14,79;18,14;21,96;32;51,4422;5,4844;14,67;17,56;21,77;22;51,4454;5,4854;14,62;18,05;21,79;17;51,4414;5,4713;13,34;16,33;20,29;26;51,4681;5,3901;14,52;18,17;22,01;14;51,4136;5,4707;13,08;16,57;20,23;14;51,4332;5,5198;12,98;16,40;21,28;21;51,4372;5,4233;12,40;15,95;20,71;27;51,4584;5,4050;16,87;21,47;25,47;27;51,4445;5,4787;14,69;18,57;22,49;19;51,4546;5,3887;16,39;19,84;23,75;34;;;;;;;51,4352;5,4800;15,30;18,36;22,73;16;51,4377;5,4517;12,05;15,29;20,20;30;51,4797;5,4751;15,70;18,12;21,74;15;51,4389;5,4818;17,97;22,22;26,66;24;51,4686;5,4721;17,72;22,14;26,27;51,4390;5,4650;17,12;20,58;24,54;27;51,4528;5,4850;18,33;22,42;26,94;26
2021-01-28 00:00:00;2021-01-28 01:00:00;51,4379;5,3582;10,89;14,09;17,41;15;;;;;;;51,4915;5,4392;9,04;11,63;14,69;25;51,4569;5,4383;8,08;10,09;12,97;28;51,4465;5,4483;11,26;13,90;16,63;16;51,4422;5,4844;10,05;12,14;14,58;13;51,4454;5,4854;10,79;13,55;16,33;4;51,4414;5,4713;9,42;11,96;14,68;13;51,4681;5,3901;9,23;11,41;13,83;5;51,4136;5,4707;8,58;11,47;14,57;6;51,4332;5,5198;8,97;11,75;15,75;12;51,4372;5,4233;9,33;11,85;16,02;16;51,4584;5,4050;12,03;15,24;18,23;9;51,4445;5,4787;10,40;13,72;17,25;9;51,4546;5,3888;11,32;13,57;15,71;23;;;;;;;51,4354;5,4800;10,33;12,63;15,16;9;51,4375;5,4517;10,11;12,95;17,67;14;51,4797;5,4751;11,23;13,06;15,15;7;51,4386;5,4817;13,05;16,42;19,43;8;51,4686;5,4721;12,54;16,02;18,91;51,4390;5,4650;12,76;15,58;18,19;11;51,4528;5,4850;13,95;17,01;19,57;9
2021-01-29 00:00:00;2021-01-29 01:00:00;51,4379;5,3581;7,68;12,49;21,01;15;;;;;;;51,4915;5,4392;6,04;10,59;20,62;15;51,4567;5,4382;5,55;9,05;18,76;12;51,4465;5,4483;7,01;11,16;17,52;19;51,4422;5,4844;7,41;11,77;18,32;10;51,4454;5,4854;7,21;11,48;17,94;12;51,4414;5,4713;6,74;10,94;17,47;11;51,4681;5,3901;6,40;10,69;18,31;5;51,4136;5,4708;6,26;10,31;17,44;9;51,4332;5,5198;6,61;10,70;20,78;17;51,4372;5,4233;6,90;11,15;21,68;14;51,4584;5,4050;8,29;13,31;22,39;20;51,4445;5,4787;7,09;11,41;18,65;14;51,4546;5,3887;8,45;13,41;20,01;9;;;;;;;51,4354;5,4800;7,47;11,74;18,32;13;51,4375;5,4517;6,21;9,22;19,85;19;51,4797;5,4751;7,73;11,90;17,55;9;51,4386;5,4820;9,41;14,26;21,55;15;51,4686;5,4721;8,73;13,42;20,74;51,4390;5,4650;9,23;14,37;20,64;15;51,4528;5,4850;8,76;13,22;19,95;24
2021-01-30 00:00:00;2021-01-30 01:00:00;51,4379;5,3582;11,89;12,94;15,38;18;;;;;;;51,4915;5,4392;7,51;8,28;11,16;17;51,4568;5,4382;8,29;8,98;11,99;15;51,4464;5,4485;8,77;9,53;11,86;20;51,4422;5,4844;8,10;8,84;11,22;19;51,4454;5,4854;10,27;11,04;13,29;17;51,4414;5,4713;6,90;7,65;10,10;16;51,4681;5,3901;8,16;8,94;11,37;16;51,4136;5,4708;8,74;9,51;11,91;15;51,4332;5,5197;6,43;7,12;10,10;27;51,4372;5,4233;7,44;8,19;11,39;20;51,4584;5,4050;10,67;11,67;14,16;27;51,4445;5,4787;9,41;10,20;12,71;21;51,4546;5,3888;8,16;8,98;11,46;19;;;;;;;51,4354;5,4800;6,33;7,12;9,83;18;51,4374;5,4515;9,77;10,55;13,94;27;51,4797;5,4751;6,84;7,56;10,03;14;51,4387;5,4817;9,24;10,14;12,69;27;51,4686;5,4721;10,51;11,47;13,87;51,4390;5,4650;7,95;8,86;11,51;24;51,4528;5,4850;12,09;12,95;15,19;28
2021-01-31 00:00:00;2021-01-31 01:00:00;51,4379;5,3582;21,91;23,55;24,75;26;;;;;;;51,4915;5,4392;15,14;16,13;18,32;24;51,4567;5,4383;15,61;16,61;18,42;23;51,4464;5,4482;17,51;18,45;19,54;25;51,4422;5,4844;16,53;17,28;18,64;24;51,4454;5,4854;18,58;19,64;20,87;24;51,4415;5,4714;14,88;15,71;17,36;23;51,4681;5,3901;16,75;17,82;19,29;21;51,4136;5,4707;16,78;17,95;19,20;19;51,4332;5,5197;12,12;12,97;15,15;25;51,4372;5,4233;14,00;15,00;17,53;29;51,4584;5,4050;20,33;21,79;23,14;31;51,4445;5,4787;17,96;19,06;20,54;25;51,4546;5,3887;17,04;17,99;19,41;29;;;;;;;51,4354;5,4800;14,81;15,64;17,51;25;51,4373;5,4513;16,40;17,59;20,32;33;51,4797;5,4751;15,74;16,42;17,86;21;51,4388;5,4818;18,58;19,81;21,18;34;51,4686;5,4721;21,54;22,89;24,08;51,4390;5,4650;16,59;17,50;19,04;31;51,4528;5,4850;22,35;23,48;24,33;36
2021-02-01 00:00:00;2021-02-01 01:00:00;51,4379;5,3581;30,97;36,47;40,64;33;;;;;;;51,4915;5,4392;21,70;24,89;29,25;33;51,4568;5,4383;22,89;25,96;30,01;33;51,4465;5,4482;27,59;30,79;34,31;21;51,4422;5,4844;26,64;29,37;33,02;28;51,4454;5,4854;26,96;30,42;33,94;21;51,4415;5,4714;24,30;27,27;30,79;25;51,4681;5,3901;26,62;30,10;33,82;22;51,4136;5,4708;24,77;28,85;32,16;19;51,4333;5,5198;21,12;24,29;28,80;17;51,4372;5,4233;21,69;24,93;29,53;37;51,4584;5,4050;30,56;35,20;39,55;23;51,4445;5,4787;27,35;31,21;34,95;25;51,4546;5,3887;29,36;32,80;36,70;35;;;;;;;51,4354;5,4801;26,61;29,51;33,36;27;51,4375;5,4517;22,12;25,79;30,42;29;51,4797;5,4751;28,17;30,65;33,98;22;51,4386;5,4818;31,35;35,62;39,57;25;51,4686;5,4721;32,17;36,34;40,20;51,4390;5,4650;29,86;33,31;36,94;29;51,4528;5,4851;33,05;36,92;40,34;29
2021-02-02 00:00:00;2021-02-02 01:00:00;51,4379;5,3582;19,94;24,73;29,77;15;;;;;;;51,4915;5,4392;14,88;18,63;24,18;24;51,4566;5,4381;14,98;17,85;23,10;23;51,4465;5,4483;18,40;21,96;25,86;21;51,4421;5,4844;18,10;21,43;25,12;18;51,4454;5,4854;18,40;22,24;26,30;15;51,4415;5,4714;16,94;20,49;24,45;19;51,4681;5,3901;17,52;21,24;25,99;13;51,4136;5,4708;16,10;19,84;24,03;9;51,4332;5,5197;14,85;18,53;26,07;17;51,4372;5,4233;15,65;19,59;26,97;25;51,4584;5,4050;20,65;25,47;31,89;29;51,4447;5,4787;18,48;22,64;27,40;20;51,4546;5,3888;19,49;23,31;27,42;24;;;;;;;51,4354;5,4800;18,62;22,01;26,11;14;51,4375;5,4517;15,12;18,53;25,62;25;51,4797;5,4751;20,13;23,16;26,24;13;51,4387;5,4817;22,00;26,55;31,45;19;51,4686;5,4721;21,71;26,15;30,57;51,4390;5,4650;20,63;24,66;28,54;23;51,4528;5,4851;22,59;26,90;31,74;26
2021-02-03 00:00:00;2021-02-03 01:00:00;51,4379;5,3581;8,60;12,18;18,05;15;;;;;;;51,4915;5,4392;6,73;10,16;17,57;27;51,4566;5,4383;6,06;8,50;15,17;19;51,4464;5,4483;8,17;11,31;16,15;31;51,4421;5,4845;7,84;10,79;15,34;17;51,4454;5,4854;8,11;11,25;16,10;17;51,4416;5,4714;7,52;10,44;15,11;20;51,4681;5,3901;7,26;10,50;16,39;11;51,4136;5,4707;7,01;9,96;14,80;13;51,4332;5,5197;7,60;10,84;19,54;24;51,4372;5,4233;7,31;10,46;18,20;23;51,4584;5,4050;9,32;13,32;20,01;36;51,4446;5,4788;8,61;11,98;17,22;25;51,4546;5,3887;8,74;12,47;17,07;12;;;;;;;51,4355;5,4800;7,79;10,75;15,54;20;51,4375;5,4517;7,63;10,01;17,42;42;51,4797;5,4751;7,86;10,96;15,19;16;51,4388;5,4820;10,23;13,85;19,09;23;51,4686;5,4721;9,78;13,33;18,16;51,4390;5,4650;9,47;13,18;17,89;28;51,4528;5,4851;10,33;13,85;19,16;40
2021-02-04 00:00:00;2021-02-04 01:00:00;51,4379;5,3582;9,34;14,35;26,75;23;;;;;;;51,4915;5,4392;7,80;13,25;27,77;26;51,4568;5,4381;6,94;10,39;23,09;21;51,4464;5,4484;8,61;13,28;22,11;25;51,4421;5,4844;8,59;13,76;22,54;22;51,4454;5,4854;9,20;13,90;23,20;19;51,4416;5,4714;8,06;13,03;21,52;22;51,4681;5,3901;8,01;12,65;24,05;18;51,4136;5,4708;7,05;11,24;20,74;14;51,4331;5,5198;7,58;12,03;27,23;30;51,4372;5,4233;7,99;12,70;27,88;29;51,4584;5,4050;10,17;15,43;28,27;38;51,4443;5,4788;8,95;13,75;24,09;26;51,4546;5,3887;9,67;15,32;24,71;24;;;;;;;51,4353;5,4799;8,78;13,77;23,20;22;51,4375;5,4517;8,29;11,54;25,21;39;51,4797;5,4751;9,08;13,95;22,50;18;51,4387;5,4819;10,99;16,18;26,56;25;51,4685;5,4723;10,62;15,69;26,57;51,4390;5,4650;10,30;16,12;25,37;32;51,4528;5,4851;11,14;16,25;26,71;43
2021-02-05 00:00:00;2021-02-05 01:00:00;51,4379;5,3582;11,01;14,21;21,49;30;;;;;;;51,4915;5,4392;8,26;11,61;20,58;37;51,4568;5,4384;7,30;9,57;17,36;25;51,4465;5,4483;10,24;13,45;19,57;39;51,4423;5,4843;9,40;12,50;18,35;28;51,4454;5,4854;10,44;13,58;19,88;28;51,4414;5,4714;8,77;12,01;18,17;30;51,4681;5,3901;8,26;11,05;17,52;23;51,4136;5,4709;9,04;11,85;18,14;19;51,4332;5,5198;8,71;11,69;21,42;29;51,4372;5,4233;9,33;12,51;22,43;42;51,4584;5,4050;11,02;14,62;22,28;33;51,4446;5,4788;10,65;13,96;20,86;34;51,4546;5,3887;9,87;13,34;20,16;34;51,4491;5,4569;11,46;14,96;21,73;74;51,4354;5,4799;9,00;12,43;19,33;31;51,4375;5,4517;10,79;13,06;21,93;47;51,4797;5,4751;8,76;11,77;17,42;27;51,4384;5,4817;12,37;15,91;23,12;34;51,4684;5,4724;11,73;15,10;21,85;51,4390;5,4650;11,03;14,97;21,84;40;51,4527;5,4851;12,98;16,34;23,07;50
2021-02-06 00:00:00;2021-02-06 01:00:00;51,4379;5,3582;28,53;34,56;37,62;23;;;;;;;51,4915;5,4392;20,17;23,51;26,92;23;51,4568;5,4384;21,35;25,11;28,80;21;51,4464;5,4484;25,84;29,64;32,06;19;51,4423;5,4843;25,25;28,27;30,36;21;51,4454;5,4854;26,29;30,72;33,00;14;51,4414;5,4714;23,77;27,39;30,02;22;51,4681;5,3901;24,11;27,88;30,07;14;51,4136;5,4708;23,43;28,22;30,95;12;51,4333;5,5197;20,56;24,47;28,01;14;51,4372;5,4233;21,17;25,14;29,31;26;51,4583;5,4050;28,42;33,98;36,67;13;51,4444;5,4788;26,19;30,69;33,28;22;51,4546;5,3887;27,00;30,73;32,71;23;51,4492;5,4570;23,87;25,98;26,39;41;51,4355;5,4799;26,17;29,65;32,02;22;51,4375;5,4517;20,88;25,02;29,66;25;51,4797;5,4751;27,14;29,90;31,54;16;51,4387;5,4820;30,59;35,76;38,68;20;51,4684;5,4724;29,82;34,82;37,51;51,4390;5,4650;28,53;32,34;34,64;28;51,4527;5,4852;31,44;36,34;38,65;24
2021-02-07 00:00:00;2021-02-07 01:00:00;51,4379;5,3581;18,99;21,89;24,82;11;;;;;;;51,4915;5,4392;14,39;16,30;19,52;11;51,4567;5,4383;13,31;15,22;18,52;11;51,4465;5,4482;15,83;17,69;20,28;20;51,4423;5,4844;16,43;17,78;19,89;11;51,4454;5,4854;15,95;18,13;20,65;8;51,4414;5,4714;13,85;15,67;18,19;10;51,4681;5,3901;14,57;16,61;19,26;7;51,4136;5,4708;15,31;17,56;19,98;11;51,4332;5,5198;10,77;12,50;15,61;24;51,4372;5,4233;12,58;14,45;17,74;15;51,4583;5,4050;17,58;20,43;23,23;21;51,4445;5,4788;15,64;17,71;20,00;13;51,4546;5,3887;15,80;17,79;20,22;17;51,4492;5,4569;17,23;19,24;21,62;51;51,4354;5,4799;15,61;17,38;20,16;14;51,4375;5,4518;13,29;15,18;18,77;14;51,4797;5,4751;13,93;15,46;17,99;12;51,4387;5,4820;17,30;19,89;22,71;18;51,4685;5,4724;19,37;22,07;25,14;51,4390;5,4650;16,54;18,52;21,21;17;51,4527;5,4852;19,90;22,05;24,37;18
2021-02-08 00:00:00;2021-02-08 01:00:00;51,4379;5,3581;20,25;24,03;28,21;18;;;;;;;51,4915;5,4392;14,19;16,42;20,26;18;51,4568;5,4382;13,67;16,06;20,07;11;51,4465;5,4482;18,01;20,44;23,53;24;51,4423;5,4844;18,65;20,44;23,22;15;51,4454;5,4854;16,85;19,47;22,86;15;51,4415;5,4714;15,76;18,02;21,11;14;51,4681;5,3901;16,20;18,71;22,02;11;51,4137;5,4708;16,94;19,82;23,14;16;51,4332;5,5197;12,45;14,69;18,52;38;51,4372;5,4233;14,25;16,70;20,90;21;51,4584;5,4050;19,12;22,44;26,17;28;51,4444;5,4788;17,48;20,20;23,42;21;51,4546;5,3887;17,84;20,39;23,65;21;51,4492;5,4569;19,60;22,25;25,36;49;51,4355;5,4799;18,57;20,85;24,36;18;51,4375;5,4517;14,89;17,36;21,90;21;51,4797;5,4751;15,75;17,64;20,83;15;51,4386;5,4818;19,47;22,68;26,38;27;51,4685;5,4724;20,59;23,72;27,24;51,4390;5,4650;18,35;20,79;23,85;25;51,4527;5,4851;21,57;24,48;27,83;28
2021-02-09 00:00:00;2021-02-09 01:00:00;51,4379;5,3582;19,69;23,03;26,67;30;;;;;;;51,4915;5,4392;14,38;16,33;19,92;33;51,4568;5,4384;13,72;15,96;19,77;21;51,4465;5,4480;19,42;21,89;24,89;29;51,4423;5,4844;18,60;20,19;22,43;25;51,4454;5,4854;16,68;18,96;22,00;22;51,4414;5,4714;15,47;17,44;20,38;24;51,4681;5,3901;16,26;18,58;21,78;21;51,4137;5,4708;16,81;19,38;22,23;23;51,4332;5,5197;12,39;14,34;18,02;44;51,4372;5,4233;14,17;16,42;20,46;34;51,4584;5,4050;19,05;22,00;25,49;30;51,4444;5,4788;17,61;20,13;23,19;26;51,4546;5,3887;17,61;19,85;22,83;33;51,4492;5,4570;19,40;21,72;24,59;37;51,4355;5,4799;18,17;20,18;23,47;26;51,4374;5,4516;15,48;17,77;22,24;32;51,4797;5,4751;15,62;17,30;20,15;21;51,4387;5,4819;19,07;21,90;25,31;35;51,4685;5,4724;21,26;24,17;27,40;51,4390;5,4650;17,89;20,05;22,89;35;51,4527;5,4852;21,54;23,96;27,13;35
2021-02-10 00:00:00;2021-02-10 01:00:00;51,4379;5,3581;18,48;21,21;24,64;32;;;;;;;51,4915;5,4392;12,61;14,34;17,91;38;51,4568;5,4384;12,37;14,19;17,95;21;51,4465;5,4482;18,05;20,16;22,72;31;51,4421;5,4844;17,03;18,52;20,84;27;51,4454;5,4854;15,39;17,40;20,33;28;51,4414;5,4713;14,13;15,94;19,20;28;51,4681;5,3901;14,29;16,19;19,16;22;51,4137;5,4707;15,58;17,83;20,41;25;51,4331;5,5198;12,27;14,12;17,86;42;51,4372;5,4233;12,70;14,52;18,26;36;51,4584;5,4050;17,47;20,09;23,39;41;51,4444;5,4788;16,29;18,52;21,59;31;51,4546;5,3887;15,37;17,31;20,39;40;51,4492;5,4569;17,01;18,99;21,67;37;51,4355;5,4799;16,13;18,00;21,12;31;51,4375;5,4517;14,66;16,66;21,02;37;51,4797;5,4751;13,71;15,23;18,03;25;51,4388;5,4822;17,38;19,82;23,04;40;51,4685;5,4724;19,76;22,30;25,27;51,4390;5,4650;15,91;17,82;20,98;40;51,4527;5,4851;20,15;22,44;25,27;43
2021-02-11 00:00:00;2021-02-11 01:00:00;51,4379;5,3582;13,91;15,76;19,16;30;;;;;;;51,4915;5,4392;8,65;9,86;13,51;42;51,4568;5,4384;8,41;9,55;13,00;33;51,4465;5,4482;10,27;11,60;14,79;36;51,4421;5,4844;10,52;11,66;14,67;33;51,4454;5,4854;10,24;11,65;15,04;36;51,4414;5,4713;8,26;9,52;12,60;37;51,4681;5,3901;10,00;11,29;14,38;25;51,4137;5,4707;10,45;11,73;14,80;24;51,4333;5,5198;7,60;8,85;12,78;34;51,4372;5,4233;8,28;9,55;13,48;45;51,4584;5,4050;12,06;13,89;17,47;41;51,4444;5,4788;10,31;11,76;15,04;33;51,4546;5,3887;10,89;12,51;15,97;38;51,4492;5,4569;10,67;12,07;15,29;39;51,4354;5,4799;8,80;10,11;13,39;36;51,4375;5,4518;10,53;11,76;15,51;51;51,4797;5,4751;8,36;9,59;12,53;28;51,4386;5,4820;11,03;12,73;16,29;43;51,4685;5,4724;13,10;14,75;18,20;51,4390;5,4650;9,55;10,98;14,11;43;51,4528;5,4851;13,47;14,93;18,48;61
2021-02-12 00:00:00;2021-02-12 01:00:00;51,4379;5,3581;17,81;20,35;24,48;47;;;;;;;51,4915;5,4392;13,01;14,68;18,78;43;51,4569;5,4384;12,37;14,04;18,09;30;51,4465;5,4482;14,93;16,76;20,64;37;51,4422;5,4844;16,54;18,09;21,66;33;51,4454;5,4854;14,81;16,75;21,00;42;51,4414;5,4713;13,28;15,05;18,85;36;51,4681;5,3901;14,89;16,75;20,64;32;51,4137;5,4707;14,89;16,84;20,76;23;51,4332;5,5198;11,25;13,00;17,25;33;51,4372;5,4233;12,30;14,08;18,37;36;51,4584;5,4050;17,67;20,19;24,47;45;51,4444;5,4788;15,81;17,78;21,99;31;51,4546;5,3887;15,22;17,10;21,02;53;51,4492;5,4569;16,74;18,67;22,49;32;51,4354;5,4800;15,29;17,19;21,25;30;51,4376;5,4519;14,38;16,12;20,91;47;51,4797;5,4751;12,70;14,23;17,75;25;51,4388;5,4819;16,51;18,75;22,93;40;51,4685;5,4724;18,94;21,19;25,38;51,4389;5,4650;14,80;16,83;20,60;39;51,4528;5,4851;19,56;21,70;26,15;76
2021-02-13 00:00:00;2021-02-13 01:00:00;51,4379;5,3582;14,53;16,70;20,91;58;;;;;;;51,4915;5,4392;11,50;13,20;17,36;53;51,4567;5,4382;10,51;12,06;16,02;41;51,4465;5,4481;12,46;14,11;17,92;46;51,4421;5,4844;13,98;15,46;18,92;43;51,4454;5,4854;12,70;14,79;19,57;53;51,4414;5,4713;11,33;13,07;16,77;45;51,4681;5,3901;11,86;13,57;17,31;42;51,4136;5,4707;12,68;14,42;18,06;24;51,4331;5,5197;9,16;10,70;14,87;40;51,4372;5,4233;10,36;11,99;16,39;46;51,4584;5,4050;14,37;16,58;21,06;64;51,4443;5,4787;13,38;15,36;19,95;37;51,4546;5,3887;11,85;13,52;17,08;66;51,4492;5,4569;13,94;15,67;19,56;40;51,4352;5,4800;12,55;14,27;18,21;34;51,4375;5,4518;12,90;14,66;22,30;67;51,4797;5,4751;12,04;13,63;17,22;29;51,4388;5,4820;14,12;16,12;20,06;51;51,4685;5,4724;16,56;18,64;22,75;51,4389;5,4650;12,49;14,37;18,17;47;51,4527;5,4852;16,62;18,78;23,48;93
2021-02-14 00:00:00;2021-02-14 01:00:00;51,4379;5,3581;6,83;8,07;11,92;43;;;;;;;51,4915;5,4392;6,16;7,20;10,78;34;51,4568;5,4381;5,76;6,52;9,80;24;51,4465;5,4481;6,22;7,07;10,33;39;51,4421;5,4844;6,37;7,07;9,96;25;51,4454;5,4854;7,03;8,05;11,34;46;51,4414;5,4713;5,22;6,02;9,25;31;51,4681;5,3901;5,05;5,86;9,00;33;51,4136;5,4707;5,58;6,43;9,32;17;51,4332;5,5197;4,16;4,86;8,32;32;51,4372;5,4233;5,25;6,13;10,28;28;51,4584;5,4050;7,07;8,20;11,54;60;51,4444;5,4787;7,00;8,20;12,99;21;51,4546;5,3887;6,02;6,90;10,18;58;51,4492;5,4569;6,43;7,32;10,43;31;51,4353;5,4802;5,60;6,51;10,19;17;51,4375;5,4517;6,68;7,66;14,29;48;51,4797;5,4751;4,90;5,61;8,75;16;51,4386;5,4819;7,06;8,00;11,09;44;51,4686;5,4723;7,76;8,79;12,06;51,4389;5,4650;6,49;7,39;10,48;23;51,4527;5,4852;8,34;9,35;13,09;84
2021-02-15 00:00:00;2021-02-15 01:00:00;51,4379;5,3581;10,49;12,84;17,30;23;;;;;;;51,4915;5,4392;7,89;10,08;15,67;18;51,4567;5,4383;8,49;10,09;14,88;20;51,4465;5,4480;9,67;11,79;16,04;23;51,4421;5,4844;8,47;10,37;14,32;14;51,4454;5,4854;10,24;12,19;16,24;20;51,4414;5,4712;7,93;9,91;13,89;22;51,4681;5,3901;8,43;10,34;14,56;16;51,4136;5,4708;9,01;10,98;14,74;8;51,4332;5,5198;8,06;10,06;15,99;15;51,4372;5,4233;8,92;11,19;16,96;22;51,4584;5,4050;10,93;13,42;18,40;51;51,4444;5,4787;9,81;11,92;16,31;14;51,4546;5,3887;8,97;11,16;15,39;31;51,4492;5,4569;10,30;12,44;16,58;13;51,4353;5,4802;7,89;9,98;14,33;4;51,4375;5,4517;8,98;10,56;15,98;30;51,4797;5,4751;8,32;10,20;14,09;5;51,4387;5,4819;10,34;12,57;16,92;21;51,4687;5,4721;11,18;13,38;17,62;51,4389;5,4650;9,44;11,60;15,89;12;51,4527;5,4852;11,99;14,16;18,63;51
2021-02-16 00:00:00;2021-02-16 01:00:00;51,4379;5,3582;8,96;10,90;15,13;12;;;;;;;51,4915;5,4392;6,43;8,32;13,79;16;51,4567;5,4384;6,32;7,54;11,72;17;51,4465;5,4484;7,78;9,57;13,67;25;51,4421;5,4844;6,79;8,38;12,14;11;51,4454;5,4854;8,15;9,80;13,59;15;51,4414;5,4713;6,48;8,17;11,85;12;51,4681;5,3901;7,25;8,90;12,95;7;51,4136;5,4707;7,38;9,00;12,71;12;51,4331;5,5197;7,12;8,88;14,50;19;51,4373;5,4233;7,44;9,32;14,82;22;51,4584;5,4050;9,25;11,40;15,93;30;51,4444;5,4787;8,23;10,01;14,03;19;51,4546;5,3887;7,77;9,72;13,63;18;51,4492;5,4569;8,43;10,20;14,23;23;51,4354;5,4802;6,14;7,77;11,77;12;51,4375;5,4517;8,05;9,33;14,30;26;51,4797;5,4751;6,50;8,14;11,87;12;51,4383;5,4818;8,76;10,67;14,91;18;;;9,00;10,86;14,98;51,4389;5,4650;7,83;9,76;13,76;19;51,4527;5,4852;9,85;11,70;15,80;23
2021-02-17 00:00:00;2021-02-17 01:00:00;51,4379;5,3582;7,69;12,61;22,57;14;;;;;;;51,4915;5,4392;6,35;11,34;24,22;16;51,4566;5,4383;5,83;9,51;21,28;16;51,4464;5,4484;7,62;12,08;19,66;31;51,4421;5,4845;7,32;11,86;19,64;12;51,4454;5,4854;7,58;12,17;19,84;22;51,4414;5,4712;7,06;11,61;19,15;13;51,4681;5,3901;7,01;11,74;21,14;6;51,4136;5,4707;6,27;10,21;17,68;16;51,4332;5,5199;7,19;11,74;24,88;24;51,4373;5,4233;7,69;12,49;25,43;27;51,4584;5,4050;8,86;14,27;25,56;30;51,4444;5,4787;7,57;12,12;20,87;20;51,4546;5,3887;8,52;13,74;21,33;22;51,4492;5,4569;8,73;13,62;21,50;34;51,4354;5,4801;7,71;12,13;19,85;11;51,4375;5,4517;6,53;9,56;21,55;28;51,4797;5,4751;7,58;12,00;18,80;16;51,4387;5,4818;9,50;14,44;23,58;29;;;8,66;13,53;22,06;51,4389;5,4650;9,08;14,50;22,48;26;51,4527;5,4852;9,11;13,80;21,85;31
2021-02-18 00:00:00;2021-02-18 01:00:00;51,4379;5,3582;5,10;7,60;13,74;21;;;;;;;51,4915;5,4392;4,33;7,02;14,20;23;51,4566;5,4383;4,44;6,28;13,46;21;51,4465;5,4482;5,44;7,80;12,95;29;51,4421;5,4848;4,95;7,34;11,96;16;51,4454;5,4854;5,62;8,08;13,14;24;51,4415;5,4713;4,83;7,14;11,92;18;51,4681;5,3901;4,54;6,93;12,96;15;51,4136;5,4707;4,54;6,79;12,03;18;51,4332;5,5198;4,79;7,01;14,57;28;51,4373;5,4233;5,30;7,68;15,40;34;51,4583;5,4050;6,41;9,19;15,94;32;51,4444;5,4787;5,83;8,24;13,69;18;51,4546;5,3887;5,70;8,56;13,68;27;51,4492;5,4570;5,86;8,40;13,68;37;51,4353;5,4802;4,75;7,23;12,44;18;51,4375;5,4517;5,34;7,02;14,30;33;51,4797;5,4751;4,94;7,43;11,94;18;51,4386;5,4816;6,81;9,44;15,32;29;;;6,29;8,91;14,45;51,4390;5,4650;6,05;8,98;14,23;33;51,4527;5,4852;7,16;9,78;15,74;35
2021-02-19 00:00:00;2021-02-19 01:00:00;51,4379;5,3582;7,45;9,87;15,69;18;;;;;;;51,4915;5,4392;6,01;8,73;16,47;24;51,4568;5,4383;5,72;7,36;13,45;22;51,4464;5,4483;7,10;9,34;14,24;33;51,4421;5,4846;6,38;8,64;13,31;16;51,4454;5,4854;7,33;9,55;14,48;20;51,4416;5,4715;6,02;8,28;13,25;18;51,4681;5,3901;5,97;8,03;13,65;12;51,4136;5,4707;6,15;8,09;12,91;18;51,4331;5,5197;6,86;9,31;16,85;30;51,4372;5,4233;6,54;8,96;16,89;34;51,4585;5,4050;8,08;10,72;17,11;31;51,4445;5,4787;7,46;9,80;15,35;22;51,4546;5,3887;7,14;9,78;14,99;25;51,4492;5,4569;7,53;9,88;15,46;33;51,4354;5,4802;5,95;8,32;13,71;20;51,4375;5,4517;6,76;8,33;15,27;38;51,4797;5,4751;6,07;8,36;13,27;18;51,4385;5,4819;8,13;10,62;16,19;29;;;7,86;10,20;16,02;51,4390;5,4650;7,60;10,37;15,52;33;51,4527;5,4852;8,73;11,24;16,86;37
2021-02-20 00:00:00;2021-02-20 01:00:00;51,4379;5,3582;8,45;12,20;26,73;14;;;;;;;51,4915;5,4392;6,53;11,41;32,91;16;51,4569;5,4383;6,26;9,36;24,57;16;51,4466;5,4484;7,93;12,17;24,61;24;51,4422;5,4844;7,91;11,98;21,20;11;51,4454;5,4854;7,90;11,71;21,46;14;51,4416;5,4715;7,29;11,59;23,38;12;51,4681;5,3901;6,56;10,21;22,10;11;51,4136;5,4707;7,27;10,88;22,82;11;51,4331;5,5197;5,98;9,40;26,49;15;51,4372;5,4233;7,08;11,03;29,16;26;51,4586;5,4050;9,02;13,20;23,79;21;51,4445;5,4787;8,03;11,97;22,88;13;51,4546;5,3887;8,35;13,13;24,77;16;51,4492;5,4569;8,89;13,19;25,37;26;51,4355;5,4800;7,04;11,55;27,41;10;51,4375;5,4517;8,18;10,66;25,35;24;51,4797;5,4751;6,94;11,20;21,55;11;51,4384;5,4818;9,65;13,97;27,72;20;;;9,19;13,32;24,72;51,4390;5,4650;8,83;13,97;26,72;23;51,4527;5,4852;9,68;14,06;26,31;25
2021-02-21 00:00:00;2021-02-21 01:00:00;51,4379;5,3581;6,94;9,25;16,67;25;;;;;;;51,4915;5,4392;5,36;8,06;17,90;19;51,4568;5,4383;4,88;6,74;14,97;18;51,4465;5,4481;6,14;8,46;14,61;29;51,4422;5,4844;6,61;8,86;14,14;28;51,4454;5,4854;6,23;8,38;13,97;25;51,4416;5,4714;5,75;8,16;14,53;21;51,4681;5,3901;4,98;7,12;13,55;21;51,4136;5,4707;5,45;7,54;13,61;20;51,4331;5,5197;4,67;6,70;16,39;20;51,4372;5,4233;5,88;8,24;16,97;39;51,4585;5,4050;7,11;9,61;15,88;33;51,4445;5,4787;6,29;8,56;14,62;21;51,4546;5,3887;6,45;9,17;15,63;26;51,4492;5,4570;6,72;9,02;15,56;34;51,4355;5,4799;5,31;7,71;15,40;21;51,4374;5,4515;6,54;8,07;15,74;34;51,4797;5,4751;5,09;7,41;12,99;17;51,4386;5,4815;7,69;10,20;16,98;32;;;7,05;9,45;15,59;51,4390;5,4650;6,91;9,65;16,20;25;51,4527;5,4852;7,71;10,24;16,66;39
2021-02-22 00:00:00;2021-02-22 01:00:00;51,4379;5,3582;8,20;11,87;24,34;33;;;;;;;51,4915;5,4392;6,17;10,22;25,96;40;51,4569;5,4383;5,84;8,41;19,56;38;51,4465;5,4483;8,20;12,03;22,33;46;51,4422;5,4844;7,35;10,88;18,97;45;51,4454;5,4854;7,33;10,83;19,15;43;51,4416;5,4715;6,92;10,87;21,95;39;51,4681;5,3901;6,24;9,66;19,79;31;51,4136;5,4707;7,13;10,59;20,07;28;51,4332;5,5196;6,55;10,38;27,85;41;51,4372;5,4233;7,32;11,22;26,07;73;51,4584;5,4050;8,65;12,42;21,26;48;51,4445;5,4787;7,69;11,42;21,30;37;51,4546;5,3887;7,82;11,91;22,25;38;51,4492;5,4569;8,82;12,76;24,00;42;51,4352;5,4798;7,11;11,23;23,78;34;51,4374;5,4515;8,02;10,36;23,05;55;51,4797;5,4751;6,40;10,03;18,50;25;51,4387;5,4819;8,96;13,01;25,81;42;;;8,80;12,45;21,62;51,4390;5,4650;8,71;13,40;25,62;47;51,4527;5,4852;9,50;13,56;25,00;72
2021-02-23 00:00:00;2021-02-23 01:00:00;51,4379;5,3582;10,24;16,84;39,41;21;;;;;;;51,4915;5,4392;7,77;15,88;45,64;23;51,4568;5,4383;7,12;12,31;34,90;25;51,4465;5,4484;9,54;16,55;34,58;26;51,4422;5,4844;9,56;16,29;29,07;21;51,4454;5,4854;8,88;15,29;29,81;19;51,4416;5,4715;8,94;16,48;35,31;17;51,4681;5,3901;8,48;15,13;31,93;15;51,4136;5,4707;8,24;14,22;30,27;11;51,4332;5,5198;8,37;15,13;44,36;18;51,4372;5,4233;8,94;16,14;43,53;36;51,4584;5,4050;11,08;18,19;32,32;29;51,4444;5,4787;9,16;15,71;32,14;22;51,4546;5,3887;10,58;18,98;36,63;25;51,4492;5,4569;11,24;18,60;37,34;21;51,4350;5,4797;9,20;16,94;40,95;10;51,4374;5,4515;8,60;12,59;35,59;24;51,4797;5,4751;8,86;16,14;30,59;11;51,4385;5,4818;11,53;18,89;40,60;23;;;10,85;17,68;34,12;51,4390;5,4650;10,95;19,13;37,04;19;51,4527;5,4852;11,09;18,78;40,17;31
2021-02-24 00:00:00;2021-02-24 01:00:00;51,4379;5,3582;11,72;20,01;47,88;20;;;;;;;51,4915;5,4392;9,15;19,60;56,37;23;51,4568;5,4383;8,09;14,58;40,96;24;51,4465;5,4482;10,85;19,83;42,26;29;51,4422;5,4844;11,31;20,19;36,10;23;51,4454;5,4854;10,36;18,76;36,42;16;51,4416;5,4715;10,58;20,10;43,21;17;51,4681;5,3901;9,68;18,02;38,95;11;51,4136;5,4708;9,55;17,13;37,79;13;51,4332;5,5198;9,17;17,89;55,38;20;51,4372;5,4233;9,87;19,13;53,98;34;51,4584;5,4050;12,60;21,61;38,63;28;51,4444;5,4787;10,71;19,35;39,57;23;51,4546;5,3887;12,22;22,57;42,68;20;51,4492;5,4569;13,00;22,66;45,70;19;51,4350;5,4796;11,33;21,60;50,10;19;51,4373;5,4514;9,58;14,82;44,66;37;51,4797;5,4751;10,97;20,19;36,97;10;51,4387;5,4820;13,46;23,06;50,29;23;;;12,91;21,72;40,94;51,4390;5,4649;13,22;24,19;46,16;28;51,4527;5,4852;12,81;22,56;48,60;34
2021-02-25 00:00:00;2021-02-25 01:00:00;51,4379;5,3582;16,54;25,76;54,36;26;;;;;;;51,4915;5,4392;11,20;22,11;57,76;37;51,4568;5,4385;10,74;17,87;46,31;34;51,4464;5,4485;13,63;22,84;44,40;31;51,4422;5,4844;14,00;23,28;39,19;27;51,4454;5,4854;13,11;21,49;38,76;18;51,4416;5,4715;12,95;22,48;45,32;29;51,4681;5,3901;13,13;22,11;43,45;17;51,4136;5,4708;12,64;20,42;40,28;17;51,4333;5,5198;11,67;20,19;55,67;23;51,4372;5,4233;11,92;21,04;55,14;29;51,4584;5,4050;16,46;26,27;43,73;22;51,4444;5,4787;13,54;22,08;42,56;25;51,4546;5,3887;15,94;27,35;47,46;17;51,4492;5,4569;16,20;25,99;48,63;24;51,4352;5,4796;13,68;23,66;51,06;23;51,4372;5,4512;12,40;17,85;47,70;40;51,4797;5,4751;13,32;22,54;39,28;13;51,4387;5,4819;16,81;26,48;52,01;26;;;16,33;25,39;45,79;51,4390;5,4650;15,89;26,79;48,40;39;51,4527;5,4852;16,75;26,84;54,86;44
2021-02-26 00:00:00;2021-02-26 01:00:00;51,4379;5,3582;8,55;12,78;21,67;27;;;;;;;51,4915;5,4392;6,36;10,57;21,12;47;51,4568;5,4384;6,15;9,25;19,55;34;51,4464;5,4484;8,25;12,41;19,78;29;51,4422;5,4844;8,21;12,82;20,67;32;51,4454;5,4854;7,91;12,02;19,92;22;51,4415;5,4714;7,55;12,03;19,62;39;51,4681;5,3901;6,91;10,66;18,65;23;51,4136;5,4708;6,97;10,88;18,54;26;51,4332;5,5197;6,92;10,96;23,06;28;51,4372;5,4233;6,96;10,86;22,33;26;51,4584;5,4050;8,91;13,54;23,61;23;51,4444;5,4787;8,50;12,95;21,44;29;51,4546;5,3887;8,70;13,78;21,57;20;51,4491;5,4569;9,21;13,87;22,61;30;51,4354;5,4798;8,01;12,49;20,24;37;51,4372;5,4512;7,50;10,44;23,51;47;51,4797;5,4751;8,66;12,90;19,26;21;51,4385;5,4819;10,29;15,17;23,99;37;;;9,40;14,09;22,99;51,4390;5,4650;9,40;14,59;23,04;50;51,4528;5,4851;10,48;15,06;23,66;53
2021-02-27 00:00:00;2021-02-27 01:00:00;51,4379;5,3581;21,67;26,04;32,51;20;;;;;;;51,4915;5,4392;14,75;18,96;26,72;37;51,4568;5,4382;16,16;19,77;27,86;25;51,4465;5,4483;20,23;24,81;31,43;19;51,4422;5,4844;18,52;23,03;29,50;26;51,4454;5,4854;19,86;24,63;31,22;10;51,4415;5,4713;17,55;22,17;28,61;27;51,4681;5,3901;17,92;21,49;27,04;21;51,4136;5,4707;18,65;23,11;29,43;16;51,4332;5,5197;15,76;20,17;30,03;16;51,4372;5,4233;15,72;19,64;27,99;29;51,4584;5,4050;21,64;26,39;33,80;22;51,4444;5,4787;19,55;24,47;31,50;21;51,4546;5,3887;19,35;23,89;30,24;19;51,4492;5,4569;21,88;26,43;32,87;15;51,4353;5,4797;18,55;23,33;30,43;26;51,4372;5,4513;17,38;20,98;32,17;34;51,4797;5,4751;19,06;23,41;29,70;16;51,4386;5,4816;23,40;28,89;36,76;14;;;23,74;29,09;36,50;51,4390;5,4650;20,59;26,03;32,88;37;51,4527;5,4851;24,02;29,06;36,52;36
2021-02-28 00:00:00;2021-02-28 01:00:00;51,4379;5,3581;21,06;24,22;29,11;18;;;;;;;51,4915;5,4392;13,07;15,30;20,59;24;51,4569;5,4382;14,84;16,96;22,54;20;51,4465;5,4483;18,38;20,95;25,65;20;51,4422;5,4844;15,78;18,05;22,44;18;51,4454;5,4854;17,40;19,87;24,46;14;51,4415;5,4713;14,85;17,32;21,95;15;51,4681;5,3901;16,43;18,68;23,09;20;51,4136;5,4708;17,17;20,01;24,70;15;51,4332;5,5198;14,02;16,21;21,69;22;51,4372;5,4233;14,27;16,68;22,72;19;51,4584;5,4050;20,16;23,26;28,53;20;51,4444;5,4787;16,75;19,25;24,10;17;51,4546;5,3887;18,06;20,86;25,83;16;51,4492;5,4570;18,99;21,65;26,41;24;51,4351;5,4796;14,69;17,09;21,86;14;51,4372;5,4513;15,70;17,86;23,60;20;51,4797;5,4751;14,97;17,09;21,20;12;51,4386;5,4815;19,27;22,16;27,16;21;;;20,06;22,77;27,64;51,4390;5,4650;17,39;20,30;24,96;23;51,4527;5,4851;20,68;23,28;28,18;26
2021-03-01 00:00:00;2021-03-01 01:00:00;51,4379;5,3582;32,03;38,74;42,57;22;;;;;;;51,4915;5,4392;21,73;24,53;28,30;23;51,4569;5,4383;23,85;27,73;32,03;26;51,4464;5,4483;29,74;33,74;36,48;16;51,4422;5,4844;28,74;31,82;34,41;22;51,4454;5,4854;28,21;32,74;35,45;16;51,4416;5,4714;27,03;30,59;33,54;16;51,4681;5,3901;27,39;31,07;34,21;18;51,4136;5,4707;26,33;32,34;35,84;13;51,4333;5,5197;23,32;27,54;32,30;24;51,4372;5,4233;23,78;27,98;32,78;31;51,4585;5,4050;31,72;37,07;40,36;17;51,4444;5,4787;28,34;32,95;36,11;16;51,4546;5,3887;30,75;34,06;36,21;22;51,4492;5,4569;32,95;37,06;38,78;20;51,4350;5,4796;30,74;34,29;37,04;13;51,4373;5,4515;22,66;27,31;32,70;21;51,4797;5,4751;30,54;32,73;34,55;13;51,4387;5,4820;34,57;40,12;43,34;19;;;33,05;37,69;40,34;51,4390;5,4649;33,13;37,03;40,37;20;51,4527;5,4851;34,32;39,02;41,53;25
2021-03-02 00:00:00;2021-03-02 01:00:00;51,4379;5,3582;26,76;32,23;37,61;52;;;;;;;51,4915;5,4392;19,19;22,95;28,69;47;51,4567;5,4383;19,14;22,57;28,08;46;51,4465;5,4482;22,75;26,34;31,00;40;51,4422;5,4844;22,94;26,00;30,39;43;51,4454;5,4854;22,75;26,72;31,22;43;51,4416;5,4715;21,62;25,22;30,00;35;51,4681;5,3901;22,32;25,97;30,58;46;51,4136;5,4707;21,40;25,47;29,84;25;51,4332;5,5197;18,11;21,62;28,05;46;51,4372;5,4233;19,16;22,99;29,24;63;51,4585;5,4050;26,33;31,29;36,36;56;51,4444;5,4787;22,64;26,75;31,69;34;51,4546;5,3888;25,00;28,78;33,61;49;51,4492;5,4569;26,06;29,87;34,74;54;51,4353;5,4799;23,21;26,55;31,95;33;51,4373;5,4517;19,66;23,27;29,42;61;51,4797;5,4751;23,60;26,36;30,66;31;51,4388;5,4816;27,41;32,14;37,40;48;;;27,48;31,95;36,76;51,4390;5,4650;25,34;29,22;34,77;47;51,4528;5,4851;28,16;32,53;37,66;70
2021-03-03 00:00:00;2021-03-03 01:00:00;51,4379;5,3582;31,99;44,88;54,53;68;;;;;;;51,4915;5,4392;24,19;33,47;44,59;68;51,4568;5,4383;23,88;32,64;42,29;69;51,4464;5,4485;29,80;38,64;46,26;57;51,4422;5,4844;30,45;38,41;45,83;56;51,4454;5,4854;26,87;36,60;43,43;67;51,4416;5,4715;28,74;37,49;45,25;55;51,4681;5,3901;29,91;40,14;48,48;58;51,4136;5,4707;26,11;35,81;43,16;36;51,4332;5,5198;24,40;33,44;45,69;58;51,4372;5,4233;25,07;34,50;45,97;72;51,4585;5,4050;33,51;46,10;53,90;70;51,4444;5,4788;27,99;38,20;46,09;47;51,4546;5,3887;35,28;45,29;52,60;62;51,4492;5,4569;34,17;44,06;52,14;81;51,4353;5,4800;33,37;41,64;50,96;42;51,4375;5,4517;22,34;30,61;41,86;75;51,4797;5,4751;34,17;41,12;47,89;45;51,4386;5,4817;36,51;47,75;56,61;72;;;34,85;46,02;54,13;51,4390;5,4650;36,07;45,64;54,87;60;51,4527;5,4852;34,43;45,67;55,58;105
2021-03-04 00:00:00;2021-03-04 01:00:00;51,4379;5,3582;23,92;37,50;43,97;28;;;;;;;51,4915;5,4392;18,87;30,77;36,72;42;51,4568;5,4382;19,05;29,86;36,97;32;51,4465;5,4483;23,60;34,30;39,27;23;51,4422;5,4844;24,66;32,88;36,93;28;51,4453;5,4854;21,88;32,53;37,26;33;51,4415;5,4714;22,40;31,76;36,66;29;51,4681;5,3901;22,44;34,87;40,49;36;51,4136;5,4707;19,79;31,09;36,16;20;51,4332;5,5198;19,79;28,73;34,53;27;51,4372;5,4233;19,52;30,22;36,46;30;51,4585;5,4050;25,27;40,79;46,81;42;51,4444;5,4787;22,18;33,78;39,16;21;51,4546;5,3887;27,85;40,44;45,40;24;51,4492;5,4569;26,66;37,63;42,21;34;51,4354;5,4801;26,93;35,87;40,69;21;51,4375;5,4517;16,37;25,94;35,02;44;51,4797;5,4751;29,60;38,05;41,17;19;51,4386;5,4821;28,69;41,46;47,95;36;;;26,74;40,93;47,23;51,4390;5,4650;29,24;39,84;44,06;25;51,4527;5,4852;27,61;39,30;44,96;60
2021-03-05 00:00:00;2021-03-05 01:00:00;51,4379;5,3582;7,65;9,53;14,13;30;;;;;;;51,4915;5,4392;5,36;6,96;12,13;56;51,4569;5,4383;5,85;7,18;11,78;22;51,4465;5,4483;7,14;8,80;13,02;35;51,4422;5,4844;6,37;7,92;11,90;30;51,4454;5,4854;7,61;9,27;13,17;47;51,4414;5,4713;6,25;7,93;12,10;30;51,4681;5,3901;6,21;8,68;19,14;56;51,4136;5,4707;6,48;8,19;12,03;24;51,4332;5,5198;5,62;7,15;12,52;44;51,4372;5,4233;5,77;7,25;12,00;37;51,4585;5,4050;8,01;10,07;14,94;69;51,4444;5,4788;7,03;8,78;13,24;25;51,4546;5,3887;6,68;9,01;16,08;40;51,4492;5,4569;7,30;8,99;13,04;48;51,4354;5,4800;5,71;7,42;11,98;27;51,4375;5,4517;7,04;8,38;13,96;55;51,4797;5,4751;6,11;7,56;11,34;26;51,4388;5,4818;7,95;9,88;14,26;52;;;8,71;10,61;15,04;51,4390;5,4650;7,35;9,42;14,29;42;51,4527;5,4851;8,88;10,63;15,19;86
2021-03-06 00:00:00;2021-03-06 01:00:00;51,4379;5,3582;7,45;9,69;14,89;35;;;;;;;51,4915;5,4392;6,13;8,24;14,33;46;51,4568;5,4384;6,29;8,03;14,13;27;51,4465;5,4483;9,22;11,86;16,81;40;51,4422;5,4844;6,59;8,64;13,22;32;51,4454;5,4854;7,43;9,49;14,25;39;51,4414;5,4713;5,69;7,85;12,64;33;51,4681;5,3901;5,87;8,12;14,05;40;51,4136;5,4707;6,72;8,69;13,06;28;51,4332;5,5197;5,84;7,65;13,84;41;51,4372;5,4233;6,25;8,23;14,36;37;51,4585;5,4050;8,64;11,27;17,02;53;51,4447;5,4788;6,91;9,10;14,22;27;51,4546;5,3887;7,01;9,64;15,28;45;51,4492;5,4569;7,67;9,93;14,98;54;51,4353;5,4798;5,91;8,15;13,19;30;51,4375;5,4517;6,88;8,49;15,15;43;51,4797;5,4751;7,42;9,59;14,22;27;51,4386;5,4819;8,18;10,63;15,89;49;;;9,29;11,78;16,77;51,4390;5,4650;7,13;9,72;14,97;43;51,4527;5,4851;9,28;11,50;16,36;61
2021-03-07 00:00:00;2021-03-07 01:00:00;51,4379;5,3582;15,77;17,71;21,63;37;;;;;;;51,4915;5,4392;10,34;11,83;16,04;30;51,4569;5,4384;10,74;12,05;16,23;27;51,4465;5,4483;14,75;16,62;20,55;34;51,4422;5,4844;12,30;13,90;17,51;26;51,4454;5,4854;14,01;15,73;19,30;30;51,4414;5,4715;11,79;13,46;17,22;32;51,4681;5,3901;12,60;14,21;17,95;29;51,4136;5,4707;11,83;13,53;17,09;28;51,4332;5,5197;10,65;12,20;16,69;37;51,4372;5,4233;10,72;12,21;16,66;25;51,4585;5,4050;15,25;17,24;21,33;33;51,4447;5,4788;13,46;15,37;19,41;23;51,4546;5,3887;13,15;14,92;18,84;33;51,4491;5,4569;15,30;17,20;21,00;46;51,4354;5,4798;11,19;12,96;16,98;29;51,4375;5,4516;13,24;14,84;19,53;33;51,4797;5,4751;12,83;14,26;17,60;23;51,4388;5,4818;14,80;16,90;21,08;44;;;16,83;18,89;22,82;51,4390;5,4650;13,14;15,14;19,37;37;51,4528;5,4852;17,08;19,07;23,12;45
2021-03-08 00:00:00;2021-03-08 01:00:00;51,4379;5,3582;35,42;42,78;49,11;55;;;;;;;51,4915;5,4392;25,61;29,81;35,86;48;51,4569;5,4383;26,69;31,01;37,16;34;51,4465;5,4480;32,43;36,99;42,89;40;51,4422;5,4844;32,35;36,07;42,00;34;51,4454;5,4854;30,63;35,65;41,73;36;51,4416;5,4715;30,32;34,47;40,38;39;51,4681;5,3901;32,21;37,02;42,20;38;51,4136;5,4707;28,72;34,48;39,91;36;51,4332;5,5197;26,54;31,06;37,44;46;51,4372;5,4233;26,44;31,21;37,46;40;51,4585;5,4050;35,85;42,44;48,97;45;51,4446;5,4788;31,35;36,63;42,87;28;51,4546;5,3887;36,38;41,02;46,66;45;51,4492;5,4569;36,38;41,74;48,16;50;51,4354;5,4797;34,54;38,28;44,55;31;51,4373;5,4512;24,66;29,69;35,87;44;51,4797;5,4751;36,57;39,81;44,64;28;51,4387;5,4819;39,17;44,96;51,56;45;;;38,19;43,94;50,49;51,4390;5,4650;36,84;41,34;48,05;43;51,4528;5,4852;38,51;44,09;51,02;57
2021-03-09 00:00:00;2021-03-09 01:00:00;51,4379;5,3582;17,47;21,93;26,70;42;;;;;;;51,4915;5,4392;13,55;16,07;20,73;27;51,4566;5,4381;14,15;16,84;21,11;24;51,4465;5,4484;17,73;20,40;24,33;24;51,4422;5,4844;17,25;19,47;22,98;21;51,4454;5,4854;16,69;19,70;23,42;15;51,4416;5,4715;15,92;18,32;22,04;23;51,4681;5,3901;16,15;19,16;23,12;25;51,4136;5,4707;15,09;18,53;22,28;26;51,4332;5,5197;14,35;17,10;21,89;26;51,4372;5,4233;13,92;16,75;21,36;30;51,4585;5,4050;18,43;22,43;26,79;27;51,4444;5,4788;17,36;20,65;24,91;16;51,4546;5,3887;18,40;21,06;24,82;32;51,4491;5,4569;19,73;22,64;26,25;21;51,4351;5,4798;18,57;21,03;25,44;17;51,4373;5,4512;13,42;16,54;21,29;24;51,4797;5,4751;19,21;21,04;23,91;12;51,4385;5,4817;20,86;25,88;31,79;15;;;19,93;23,37;27,37;51,4390;5,4650;20,14;22,72;27,02;16;51,4528;5,4851;20,60;23,97;28,37;26
2021-03-10 00:00:00;2021-03-10 01:00:00;51,4379;5,3582;28,00;32,21;37,72;36;51,5108;5,3606;21,44;23,79;29,01;2;51,4915;5,4392;18,85;21,47;27,15;16;51,4566;5,4381;19,88;22,25;27,38;19;51,4465;5,4485;24,40;27,04;31,78;27;51,4422;5,4844;22,78;24,97;29,46;12;51,4454;5,4854;23,99;26,79;31,45;21;51,4415;5,4714;21,64;24,00;28,79;9;51,4681;5,3901;24,48;27,33;32,06;22;51,4136;5,4707;21,99;24,99;29,55;23;51,4331;5,5197;20,47;23,52;29,11;27;51,4372;5,4233;20,58;23,42;28,81;31;51,4585;5,4050;27,62;31,39;36,73;34;51,4444;5,4788;24,31;27,37;32,37;18;51,4546;5,3887;25,95;28,80;33,65;41;51,4492;5,4569;28,11;31,00;36,09;32;51,4353;5,4799;23,15;25,42;30,54;10;51,4373;5,4512;20,75;23,51;28,76;19;51,4797;5,4751;24,58;26,64;31,02;18;51,4388;5,4818;28,73;32,02;37,44;27;51,4686;5,4723;28,31;31,48;36,38;51,4389;5,4649;25,62;28,27;33,19;19;51,4528;5,4852;29,06;32,24;37,52;26
2021-03-11 00:00:00;2021-03-11 01:00:00;51,4379;5,3582;9,91;13,25;19,45;39;51,5108;5,3606;8,61;11,81;20,92;8;51,4915;5,4392;7,43;10,61;19,80;18;51,4567;5,4383;7,79;10,33;17,62;13;51,4465;5,4482;9,17;12,07;17,35;29;51,4422;5,4844;8,80;11,66;16,93;10;51,4454;5,4854;9,79;12,72;17,75;33;51,4415;5,4714;8,12;10,96;16,34;16;51,4682;5,3901;8,85;11,78;17,35;18;51,4136;5,4707;8,00;10,82;16,34;20;51,4332;5,5198;8,77;11,67;19,21;28;51,4372;5,4233;9,28;12,07;18,57;35;51,4585;5,4050;11,22;14,81;20,69;40;51,4444;5,4788;9,72;12,70;17,94;16;51,4546;5,3887;9,63;12,84;17,78;24;51,4492;5,4570;11,28;14,42;19,46;40;51,4351;5,4799;8,55;11,32;17,25;14;51,4374;5,4515;8,41;10,57;18,86;20;51,4797;5,4751;8,80;11,46;16,55;18;51,4387;5,4819;11,51;14,92;20,49;30;51,4686;5,4723;11,19;14,55;20,30;51,4389;5,4649;10,25;13,64;19,42;21;51,4528;5,4851;11,35;14,56;22,51;28
