Time_Local,PM1_mean,PM1_median,PM1_std,PM1_min,PM1_max,PM2.5_mean,PM2.5_median,PM2.5_std,PM2.5_min,PM2.5_max,PM10_mean,PM10_median,PM10_std,PM10_min,PM10_max,NO2_mean,NO2_median,NO2_std,NO2_min,NO2_max,Sensor
2022-12-31,9.156859903381642,6.55,6.842175056910183,3.03,33.37,12.25710144927536,9.02,9.158179022815066,4.09,55.65,23.252077294685993,19.81,10.688937209732693,10.12,74.81,23.207729468599034,22.0,10.18328814484892,3.0,53.0,I01
2023-12-31,6.799698630136986,5.17,5.052149544383738,0.48,24.58,9.129397260273972,7.18,6.153821261559624,0.67,36.58,17.09504109589041,15.26,7.1537864646125335,3.49,45.41,12.167123287671233,11.0,6.0897151360351085,2.0,38.0,I01
2024-12-31,7.021284153005465,5.199999999999999,5.543151048989426,1.03,33.19,9.285846994535518,7.175,6.581800787732935,1.6,43.1,15.83811475409836,14.09,7.434933132361436,5.54,49.0,12.41095890410959,11.0,6.382142877149525,3.0,44.0,I01
2025-12-31,13.545949367088609,10.49,9.330134459001354,2.09,34.19,17.05367088607595,14.02,11.746306039883475,3.29,50.64,22.12405063291139,19.4,11.57870387314655,6.97,58.18,20.620253164556964,17.0,10.672639110178498,5.0,49.0,I01
2021-12-31,12.842493150684932,10.49,7.789723124061654,0.77,35.42,15.666273972602738,13.14,9.193143487267022,1.41,46.9,21.046794520547945,18.74,9.643071667274366,5.22,54.53,23.76086956521739,20.0,13.121306208247708,5.0,68.0,I02
2022-12-31,11.396046511627906,8.195,8.086958911789958,2.25,36.8,14.53110465116279,10.58,10.07033529747612,3.39,59.31,22.351133720930232,19.310000000000002,10.43325322051601,7.28,66.52,19.276162790697676,15.0,14.31779709008269,2.0,68.0,I02
2023-12-31,10.610739726027397,8.43,6.198784819826458,2.47,32.31,13.47068493150685,11.23,7.566243629532963,2.7,48.72,21.611808219178084,19.32,8.973403865932985,5.2,59.92,7.361643835616438,6.0,5.089383210783509,1.0,30.0,I02
2024-12-31,7.693415300546448,5.715,6.000979013934564,0.62,28.47,9.281803278688525,7.405,6.52649768878705,1.07,34.86,14.63087431693989,12.9,7.070008219215654,4.72,42.04,10.210382513661202,10.0,6.159256436720462,1.0,34.0,I02
2025-12-31,12.504683544303797,11.59,7.913477765640708,1.2,26.02,15.65886075949367,13.56,10.258297952907196,2.05,40.73,20.58101265822785,19.11,10.551257987331288,5.5,49.14,21.59493670886076,19.0,8.553780072084148,6.0,42.0,I02
2021-12-31,9.887912457912458,8.29,5.38525091190767,2.39,29.66,12.018989898989899,10.21,6.118608992514228,3.26,35.94,17.95892255892256,16.81,6.619602608923264,7.06,43.21,16.9,14.0,11.668302162796387,2.0,60.0,I03
2022-12-31,9.42654794520548,6.87,6.589908170751032,2.76,32.45,11.671835616438356,9.02,7.600514635217574,3.54,47.37,17.74660273972603,15.53,7.608097874112839,6.02,53.47,18.665753424657535,17.0,10.54649854891803,3.0,68.0,I03
2023-12-31,9.13109589041096,7.03,5.798003057524672,0.14,36.24,11.120712328767123,8.86,6.489735643457518,0.46,45.47,16.735205479452055,14.68,6.743842553691544,4.3,48.0,15.520547945205479,12.0,9.93510480021418,2.0,59.0,I03
2024-12-31,7.646448087431693,5.775,5.99800432164759,-0.18,25.88,9.623661202185794,7.375,6.943552739129008,0.23,34.41,16.048688524590162,14.03,7.452218529743075,4.99,44.02,14.174863387978142,12.0,8.194018657661692,0.0,48.0,I03
2025-12-31,13.626075949367088,12.23,8.301387189874296,1.13,27.11,17.16,15.42,10.997356442252325,2.11,42.59,22.736962025316455,21.01,11.515485933881001,5.88,55.13,21.139240506329113,21.0,10.125791108334216,4.0,47.0,I03
2021-12-31,8.846323119777159,7.06,5.377351050459975,1.13,27.01,11.175041782729805,9.62,6.194570332508508,1.83,33.57,17.69473537604457,16.36,7.300818495068551,5.92,57.76,25.09090909090909,23.0,12.047269840823962,6.0,68.0,I04
2022-12-31,9.530471976401179,7.07,6.389345125873697,2.57,30.95,12.089262536873157,9.36,7.779041885078482,3.2,47.27,19.451415929203538,17.32,8.215272708895343,5.53,56.12,23.171091445427727,21.0,13.154079698350166,1.0,91.0,I04
2023-12-31,8.64674486803519,6.78,5.892038817911424,-1.01,27.7,10.784516129032259,8.76,6.963180021741526,-0.77,42.06,16.307536656891497,14.12,7.594217136354046,2.79,52.05,13.777126099706745,12.0,8.779498441988336,2.0,53.0,I04
2024-12-31,6.436502732240438,4.46,5.884643149408717,-0.85,24.44,8.218551912568305,5.895,6.864120319480961,-0.3,33.13,13.918060109289618,11.96,7.210108832548844,3.91,43.71,16.866120218579233,15.0,7.772173739185404,4.0,47.0,I04
2025-12-31,12.22012658227848,11.04,8.095575634602298,-0.32,25.21,15.337468354430381,12.35,10.591125151283011,0.57,38.62,19.705189873417723,18.19,10.935008454472424,4.95,50.53,33.164556962025316,33.0,12.67182457036975,10.0,61.0,I04
2021-12-31,16.204397163120568,14.684999999999999,6.859775876815089,5.29,35.61,18.55276595744681,16.740000000000002,7.941066926029327,6.22,47.07,24.2854609929078,22.67,8.463702232515002,9.72,53.69,16.545454545454547,16.0,5.924894691416641,5.0,31.0,I05
2022-12-31,14.501260273972603,11.81,7.904539316996247,3.19,37.96,16.99854794520548,13.48,9.579851212799225,4.17,57.21,22.68915068493151,19.24,10.175770300068647,8.16,68.84,17.64109589041096,12.0,13.372513999389072,1.0,69.0,I05
2023-12-31,9.671273291925466,7.21,7.290600097080221,-0.27,42.28,12.07860248447205,9.594999999999999,8.413510213676123,-0.07,55.12,18.67447204968944,16.205,9.340196212967049,3.0,62.51,9.111801242236025,8.5,5.524224521007734,1.0,35.0,I05
2024-12-31,8.796752136752136,6.95,5.965161067741808,0.88,26.62,10.733732193732193,8.63,7.040871660896665,1.42,36.01,15.896153846153847,13.75,7.861558207540634,4.69,43.72,9.92877492877493,10.0,3.172749764217321,3.0,39.0,I05
2025-12-31,13.776708860759493,12.59,8.029615650270836,1.64,26.35,17.2273417721519,14.93,10.51860740866355,2.59,38.23,22.02873417721519,20.65,11.277120514346691,6.34,52.89,12.468354430379748,10.0,6.122332895056981,3.0,31.0,I05
2022-12-31,16.114035087719298,11.86,9.638642068638001,3.79,35.24,19.388947368421054,13.6,11.75295231666898,5.26,47.36,25.402631578947368,20.97,12.035994309676138,9.05,56.23,15.578947368421053,15.0,7.864811705177356,3.0,37.0,I06
2023-12-31,9.085875486381324,6.78,7.0592360898284,-0.4,41.37,11.43023346303502,8.63,8.088138930034033,-0.22,49.84,17.945097276264594,15.33,8.99005040798752,2.97,60.29,18.147859922178988,16.0,13.644536069167085,1.0,59.0,I06
2024-12-31,7.805819672131147,5.73,6.089619306565856,-0.32,27.48,9.880437158469945,7.385,7.352694246674564,0.06,36.14,15.965928961748633,13.575,8.27900504149693,4.6,46.94,23.18032786885246,20.0,14.61319523446876,3.0,102.0,I06
2025-12-31,13.275949367088607,13.0,7.817864407550143,0.56,26.28,17.194430379746837,15.9,10.679224708587283,1.59,39.99,23.42,21.83,12.432335114943466,5.68,59.48,34.69620253164557,35.0,16.416341475664872,5.0,69.0,I06
2021-12-31,8.810112676056338,7.23,5.492853599472168,1.38,27.59,10.703830985915493,8.91,6.387399316455075,1.88,35.03,16.356676056338028,14.63,7.098248944122075,5.77,46.31,23.109375,22.0,8.690871647884348,8.0,69.0,I07
2022-12-31,8.008904109589041,5.32,6.605892799224475,1.54,30.3,9.952821917808219,7.17,7.963328276209832,2.19,46.68,15.629205479452054,13.25,8.132041238008645,6.33,54.66,19.69041095890411,19.0,7.055513088396824,9.0,55.0,I07
2023-12-31,7.51704109589041,5.66,5.883880990175467,-0.81,32.16,9.204986301369864,7.09,6.723881116311867,-0.64,43.29,14.156356164383562,12.1,6.959535133067636,2.87,47.43,16.153424657534245,15.0,7.30373384473072,2.0,44.0,I07
2024-12-31,7.3100273224043715,5.22,6.698563759314948,0.15,42.41,8.846775956284153,6.425,7.712116848790151,0.59,51.45,13.525437158469947,11.29,8.063467808334087,4.14,58.29,15.221311475409836,13.0,8.6164979967139,4.0,60.0,I07
2025-12-31,17.107974683544303,13.11,12.198850868510991,2.59,45.84,20.05582278481013,15.02,15.002153145259953,3.29,58.06,24.39126582278481,19.64,15.946990180377226,6.69,75.18,20.68354430379747,20.0,8.541819153807069,5.0,40.0,I07
2021-12-31,11.125454545454547,8.99,6.866549920264662,1.45,33.84,13.394222873900294,11.31,7.736226454929168,2.13,40.68,17.91882697947214,15.83,8.123494743967647,5.33,46.26,28.228070175438596,29.0,9.88789828659282,5.0,57.0,I08
2022-12-31,8.469765625,5.6899999999999995,7.787991557126432,0.96,36.74,10.2106640625,7.0,9.144246189862839,1.06,51.15,14.5213671875,11.915,9.55405706277507,3.05,55.85,27.8984375,26.0,13.303598123786498,3.0,93.0,I08
2023-12-31,7.877669902912621,5.95,6.071338354875258,0.1,28.81,10.243106796116505,8.05,6.818338885326061,0.34,35.62,16.354077669902914,15.17,7.502377327390011,3.29,39.82,27.339805825242717,26.0,13.059106504926918,3.0,59.0,I08
2024-12-31,8.670382513661202,6.08,7.083421150528054,0.7,36.48,10.840054644808744,8.11,8.067408607529519,1.33,47.25,17.479890710382513,15.035,8.824496973614876,5.84,58.08,13.448087431693988,11.0,12.003254542820127,0.0,61.0,I08
2025-12-31,18.185822784810128,17.27,10.868573799249402,2.27,36.85,21.928734177215187,19.92,13.572540563634696,3.34,51.21,28.791772151898737,26.74,14.790943760694752,7.68,68.6,24.810126582278482,25.0,10.590363240867383,5.0,55.0,I08
2021-12-31,11.216027397260273,8.83,6.947384229809803,1.64,34.46,13.443479452054794,11.26,7.679511753506305,2.31,39.71,17.933260273972603,15.75,8.000689190827574,5.31,45.83,19.782608695652176,19.0,9.504312605787804,4.0,56.0,I09
2022-12-31,10.126712328767123,6.98,8.023979010536069,2.24,39.7,12.490602739726027,9.13,9.01982725453436,3.24,52.18,17.378246575342466,14.5,8.84382923842236,6.6,56.9,17.605479452054794,16.0,8.129986051022717,3.0,52.0,I09
2023-12-31,9.647917808219178,7.26,7.151463082754128,0.46,43.22,12.00931506849315,9.43,8.065702235488121,0.96,50.83,17.552191780821918,14.76,8.689054129559546,4.28,51.59,14.441095890410958,13.0,7.508965989022476,3.0,40.0,I09
2024-12-31,7.995335689045936,5.75,7.201608824173719,0.35,34.88,10.035406360424028,7.43,8.448739472951177,0.64,46.03,16.832367491166078,14.27,9.611201929578735,3.74,63.97,17.318021201413426,14.0,11.384227313764596,0.0,59.0,I09
2025-12-31,14.74227848101266,12.43,10.567594509457951,1.14,37.95,17.401645569620253,14.87,12.41258629534696,2.07,47.44,22.16,20.04,12.199370412506475,5.65,55.52,26.139240506329113,24.0,13.646389751942747,4.0,67.0,I09
2021-12-31,11.751516245487364,10.04,6.169552388802383,3.16,31.95,13.652382671480144,11.59,6.843917755521051,3.97,36.93,19.02043321299639,17.56,7.228658982218747,7.18,43.47,15.02,13.0,10.371645019386426,2.0,56.0,I10
2022-12-31,11.057068493150684,7.89,7.754259404361639,3.35,38.37,13.064493150684932,9.67,9.059995122750683,3.83,54.36,17.973890410958905,14.48,9.357281421029983,7.01,62.52,13.486263736263735,11.0,10.891517577816346,0.0,58.0,I10
2023-12-31,10.946822033898304,8.370000000000001,7.12907129415392,3.6,40.12,12.70364406779661,9.92,8.034772902853746,4.32,49.45,17.11313559322034,14.670000000000002,8.030927738373888,6.82,50.64,13.953389830508474,11.0,12.116541759298826,0.0,56.0,I10
2024-12-31,6.992056074766355,4.53,6.491406878277297,0.35,34.46,8.570498442367601,6.03,7.263038818275642,0.76,42.91,14.08753894080997,12.21,7.3233187395988795,4.72,46.88,10.725856697819315,8.0,7.8345938370728785,0.0,47.0,I10
2025-12-31,14.559493670886077,11.67,10.408832405608052,1.47,36.97,17.288227848101265,13.1,12.617005390517303,2.42,47.45,21.50240506329114,18.26,12.268072301207972,5.85,55.4,20.379746835443036,19.0,10.223532177848137,2.0,48.0,I10
2021-12-31,11.170821917808219,9.24,6.6524773443508005,1.53,31.17,13.561315068493151,11.48,7.693564523615212,2.15,39.14,18.030109589041096,16.17,8.012479036954016,5.25,43.43,21.97826086956522,20.0,10.9827119563818,3.0,67.0,I11
2022-12-31,10.861408045977011,7.875,7.192729320098994,3.27,33.92,13.538936781609197,10.07,9.143515569204858,4.15,51.93,19.900948275862067,16.64,10.344466616896934,8.38,68.74,22.658045977011493,21.0,14.745126432808028,2.0,74.0,I11
2023-12-31,10.400630136986301,8.36,6.103612413312821,2.08,29.88,12.929863013698629,10.59,7.518673218008956,2.33,46.7,19.128794520547945,16.34,8.660847652470888,4.6,60.37,30.15890410958904,27.0,14.02184163196008,5.0,78.0,I11
2024-12-31,8.712535612535612,6.85,6.163674841545386,1.29,33.51,10.69079772079772,8.41,7.29579757250475,1.81,44.41,16.068461538461538,13.82,8.082490487684876,4.96,53.08,15.132352941176471,13.0,8.884090696631214,0.0,49.0,I11
2025-12-31,15.963417721518987,13.79,10.057353973021746,1.85,34.96,19.66392405063291,16.37,12.845191299961995,2.95,50.06,25.513544303797467,23.87,13.736639573201217,6.87,65.21,19.835443037974684,18.0,10.121607224844354,2.0,45.0,I11
2021-12-31,10.599232876712328,8.28,6.68032813754607,1.34,31.82,12.957671232876713,10.82,7.456888385721606,2.02,37.49,17.694986301369863,15.59,7.995138138875517,5.34,45.32,18.86231884057971,17.0,10.269501319803833,3.0,55.0,I12
2022-12-31,9.5875,7.01,6.671345639637067,2.24,36.05,12.369277108433735,9.78,8.140070782612373,3.33,50.06,19.514668674698793,16.595,9.993080032221057,5.99,84.53,14.58433734939759,13.0,6.817570722518865,2.0,41.0,I12
2023-12-31,8.22448753462604,6.35,6.19054398305142,-0.44,28.64,11.131218836565097,8.94,7.692326815966946,-0.11,45.51,19.988227146814406,17.91,9.4475375488616,3.24,62.35,19.105263157894736,18.0,10.037706688061547,2.0,56.0,I12
2024-12-31,8.572978142076503,6.58,6.972407664545784,0.33,34.87,11.032431693989071,8.415,8.159064701936735,1.08,44.81,18.482868852459013,16.045,9.241475581595125,5.69,52.82,10.956284153005464,9.0,6.735166460492473,2.0,38.0,I12
2025-12-31,17.428987341772153,14.87,10.483269772128462,2.52,36.56,21.061898734177213,18.21,13.060097289851367,3.49,51.8,26.71594936708861,25.07,13.358816211083452,7.31,63.0,21.265822784810126,19.0,10.305225038610137,3.0,48.0,I12
2021-12-31,7.229902439024391,6.21,5.490068126139318,0.26,29.91,8.738878048780489,7.76,6.3099835469283105,0.26,33.83,13.44219512195122,13.24,7.038204397302722,2.51,37.29,10.88888888888889,11.0,5.27955844495895,3.0,23.0,I13
2022-12-31,8.94172602739726,5.77,7.8875127022420415,1.26,35.86,11.169397260273973,7.56,9.347067393919657,2.01,53.84,15.318986301369863,11.74,9.277203290467924,5.19,59.48,9.35890410958904,8.0,4.599326145592094,3.0,24.0,I13
2023-12-31,9.181123287671234,6.9,6.674953109159921,-0.36,37.26,11.394520547945206,9.08,7.62339448798855,-0.12,48.9,15.933315068493151,14.03,7.652443208351993,2.93,48.73,6.734246575342466,5.0,5.029916521549722,2.0,33.0,I13
2024-12-31,7.71087431693989,6.035,5.6724932355577256,0.23,24.52,9.632431693989071,7.8100000000000005,6.670235241747698,0.75,34.07,15.102896174863387,13.49,7.370539195170663,4.32,44.3,10.887978142076502,9.0,5.8352746654668035,1.0,39.0,I13
2025-12-31,13.369113924050634,12.91,7.582349982431942,2.01,25.03,17.016835443037973,15.1,10.379310108033561,2.9,42.35,22.148227848101268,20.81,11.40704289412665,6.44,57.81,18.734177215189874,17.0,7.72725589127329,3.0,37.0,I13
2021-12-31,10.14012084592145,8.16,6.840734409263327,0.79,34.46,12.357280966767373,10.21,7.900075939962985,1.36,44.02,17.647824773413898,15.3,9.076431222617156,5.06,95.62,19.81578947368421,18.5,10.29353761482673,2.0,58.0,I14
2022-12-31,13.846109589041095,8.62,14.147970078799105,1.25,126.1,16.35158904109589,11.11,14.680332817883786,2.25,128.84,23.551780821917806,18.5,14.82730319955753,5.98,129.74,24.660273972602738,18.0,18.544116834066322,2.0,103.0,I14
2023-12-31,5.19013698630137,3.26,5.678004818371229,-2.17,35.22,7.045780821917808,5.1,6.3603328370442105,-1.53,36.3,14.112794520547945,12.29,6.785395505731458,2.63,42.59,11.076712328767123,9.0,6.601667299973954,2.0,37.0,I14
2024-12-31,8.170819672131147,6.449999999999999,5.865455956093458,0.86,28.26,9.614316939890712,7.825,6.531757694009056,1.34,34.28,14.713169398907105,12.835,7.132731368606616,4.65,45.42,14.69672131147541,13.0,8.056875914070083,1.0,56.0,I14
2025-12-31,13.20240506329114,12.21,8.00181056678054,1.42,26.63,16.553291139240507,14.09,10.798584988204915,2.33,41.47,21.75227848101266,19.97,11.95227045799003,5.52,56.63,24.82278481012658,23.0,10.503673952688253,8.0,53.0,I14
2021-12-31,12.898631578947368,11.0,6.814665359788451,3.14,34.38,14.919964912280701,12.67,7.78533523472653,3.83,43.01,20.639368421052634,18.96,8.239655718552012,7.11,50.08,12.827586206896552,12.0,6.800768612481104,2.0,31.0,I16
2022-12-31,12.02872832369942,8.825,8.15794127916988,3.15,36.49,14.962023121387283,11.335,9.942875649678575,4.39,55.69,25.29765895953757,22.2,11.456990196326284,9.64,85.32,10.445086705202312,7.0,10.344704820271449,1.0,45.0,I16
2023-12-31,8.035515320334262,5.58,6.811845597633117,-0.69,37.13,10.30518105849582,7.71,8.145916782811458,-0.48,48.99,16.84924791086351,13.48,10.517923422421976,2.7,63.7,11.635097493036211,8.0,8.03087578302789,1.0,44.0,I16
2024-12-31,7.3585087719298246,5.26,5.992431477548937,0.04,27.14,9.14204678362573,6.77,6.91787225252127,0.48,33.37,14.321666666666667,12.17,7.506551615450684,3.81,40.6,10.669590643274853,8.0,7.978648880299398,3.0,92.0,I16
2025-12-31,13.680632911392404,12.14,9.290330973344682,1.84,33.02,16.940886075949365,14.22,11.997780584274468,2.73,47.21,21.845949367088608,19.67,12.510466338126784,6.41,58.45,8.113924050632912,4.0,7.339718680021057,3.0,30.0,I16
2021-12-31,10.323521126760562,8.53,6.345333909685121,1.18,29.17,12.565323943661971,10.59,7.341272314978763,1.76,37.34,17.036225352112677,15.11,7.624961228385605,5.01,43.16,18.46875,18.0,6.783418296075184,3.0,36.0,I17
2022-12-31,10.163616438356163,7.25,6.800104198115169,2.51,31.05,12.832986301369862,9.45,8.760699838591647,3.94,50.97,18.85356164383562,15.67,9.814338155662341,6.93,75.06,20.58082191780822,16.0,14.218358523501038,3.0,82.0,I17
2023-12-31,7.634561403508772,5.64,6.808625761057723,-0.4,30.97,10.027578947368422,7.47,8.502625905382361,-0.2,48.97,16.463508771929824,13.08,9.620630065460203,2.89,62.32,15.880701754385965,15.0,8.185770860232362,0.0,43.0,I17
2024-12-31,7.632677595628415,5.075,7.0656064463480215,0.26,38.59,9.489453551912568,6.735,7.901743329530634,0.79,48.24,15.58811475409836,13.145,8.231906385369088,4.86,54.34,13.142076502732241,11.0,8.873326509689356,-1.0,60.0,I17
2025-12-31,15.916329113924052,12.39,11.664166271678928,1.11,40.57,18.900126582278478,14.53,13.92902287272513,2.04,54.66,23.593291139240506,20.48,13.452152503530945,5.65,63.24,19.873417721518987,18.0,11.921072796982825,0.0,45.0,I17
2021-12-31,10.730976744186046,9.76,5.690081670358035,2.25,30.82,12.405441860465116,11.03,6.268918556971405,2.66,37.16,18.022232558139535,16.46,6.468271276790265,5.79,40.46,12.979166666666666,11.5,4.800219779247406,5.0,23.0,I18
2022-12-31,8.95427397260274,6.2,6.884225904076593,2.44,34.05,10.788246575342466,7.85,8.047172201061626,2.95,48.23,16.48668493150685,14.26,8.213886976021447,6.31,55.1,16.87123287671233,13.0,10.0835722053692,5.0,58.0,I18
2023-12-31,8.06427397260274,6.21,5.849369537879007,-0.17,34.14,9.81704109589041,7.89,6.664035095068637,0.13,47.66,15.18978082191781,13.41,6.832005558533231,3.24,50.38,14.515068493150684,13.0,8.485146544236219,2.0,48.0,I18
2024-12-31,7.188852459016394,5.24,5.664958454920939,0.37,24.8,8.931366120218579,6.825,6.7107024961337824,0.79,32.56,14.39016393442623,12.535,7.43233420628229,4.18,45.33,11.80327868852459,10.0,6.945548700786472,3.0,43.0,I18
2025-12-31,13.790632911392406,13.48,7.653553279321689,2.07,25.0,17.51759493670886,16.45,10.627049933794357,2.87,38.42,24.068227848101266,21.57,13.47538580005189,6.69,60.27,22.632911392405063,21.0,9.47354916189372,6.0,57.0,I18
2021-12-31,9.367604456824512,7.78,5.382039742257821,1.73,27.52,11.571894150417828,9.99,6.3006003775240496,2.39,34.51,17.874038997214484,16.0,7.566208145958725,6.22,55.67,25.59090909090909,24.0,10.533084587288286,8.0,58.0,I19
2022-12-31,9.964806629834255,7.385,6.742576966214766,2.23,33.54,12.757099447513811,9.9,8.598527003664177,3.17,50.8,21.848674033149173,19.3,10.514009143264166,6.93,72.53,22.42265193370166,21.5,12.296919220302591,2.0,62.0,I19
2023-12-31,6.86227397260274,5.02,5.159272781993457,0.1,24.36,8.856849315068493,6.83,6.162820969220201,0.45,35.74,15.931917808219177,13.78,7.432797281830468,3.26,46.01,28.397260273972602,30.0,17.281556361493543,2.0,68.0,I19
2024-12-31,7.552486338797815,5.535,5.903624296021894,0.73,29.74,9.398251366120219,7.355,6.826806084653635,1.22,39.24,15.139945355191257,13.075,7.356398873128578,5.1,46.6,15.183060109289617,14.0,9.241469220302667,0.0,62.0,I19
2025-12-31,14.393037974683544,13.63,8.811609526485919,1.7,32.01,17.858481012658228,16.74,11.37166012829054,2.55,42.6,23.13746835443038,21.87,11.953225127324362,6.37,56.35,21.468354430379748,21.0,10.039454785275398,2.0,48.0,I19
2021-12-31,9.65,8.1,5.289386558901846,2.36,27.22,11.939774647887324,10.39,6.207225965466468,3.07,34.5,18.117718309859153,16.53,7.3637202070460415,6.84,55.14,26.28125,23.5,13.894392173041169,3.0,73.0,I22
2022-12-31,9.458416149068324,6.75,6.673421754972361,2.42,31.82,11.862763975155278,9.075,8.039138846657156,3.23,46.55,19.023788819875776,16.75,8.203331018905143,7.84,53.46,28.106451612903225,23.0,17.232794721269613,4.0,106.0,I22
2023-12-31,8.899261744966443,6.83,6.310548284829508,-0.01,36.02,11.15526845637584,9.055,7.163085980877194,0.21,45.01,18.263657718120804,16.4,8.146600066080165,3.18,51.02,23.405511811023622,22.0,13.110541316457217,3.0,71.0,I22
2024-12-31,7.261366120218579,5.295,5.753233020085051,0.32,30.21,9.120437158469946,7.105,6.66371629624656,0.72,36.9,14.605983606557377,12.895,7.369787639531095,4.63,43.77,19.37431693989071,16.0,9.87950952407356,4.0,57.0,I22
2025-12-31,12.546708860759493,11.04,7.6527671753289495,1.44,25.86,15.447088607594935,13.06,9.734918665049285,2.23,37.74,20.121645569620256,19.41,9.98274632455723,5.48,46.75,29.936708860759495,26.0,13.935144440155526,8.0,70.0,I22
2021-12-31,12.849115853658537,10.195,7.689185909434079,1.96,37.35,15.684481707317074,13.274999999999999,9.041113519666993,2.65,49.68,21.06795731707317,18.630000000000003,9.389776685962236,5.97,53.95,28.574257425742573,27.0,15.960167000788848,6.0,70.0,I23
2022-12-31,9.417068493150685,6.03,8.199383044883584,1.62,40.01,12.159095890410958,8.32,10.107024295726516,2.43,62.12,19.158493150684933,15.73,10.358373036048492,7.42,69.21,28.15426997245179,23.0,18.934560240364032,2.0,102.0,I23
2023-12-31,8.146356164383562,6.2,5.813815927773189,0.82,30.91,10.55145205479452,8.28,6.9883140152582035,1.04,44.56,17.650027397260274,14.99,7.976364621910471,3.71,53.99,35.63835616438356,33.0,17.91097206651007,3.0,92.0,I23
2024-12-31,8.131010928961748,6.0649999999999995,6.170728987364189,0.68,28.92,9.958142076502732,7.695,7.0611149603917776,1.17,37.12,15.383415300546448,13.335,7.703902699081551,4.91,44.51,20.991803278688526,19.0,10.44791063989719,2.0,70.0,I23
2025-12-31,14.745189873417724,13.1,8.793226247976408,1.58,30.29,17.87481012658228,15.36,11.063784401550796,2.5,41.94,22.7626582278481,21.58,11.303651634720973,5.92,50.96,32.77215189873418,29.0,15.92204516489767,4.0,75.0,I23
2021-12-31,11.409835616438357,9.18,6.7906481406936425,1.62,31.54,13.896493150684933,11.77,7.861309713748395,2.33,39.28,18.704849315068493,16.61,8.229252285461971,5.57,46.09,21.31159420289855,21.0,7.783381814896563,6.0,47.0,I24
2022-12-31,9.463739612188366,7.16,7.609843707608723,-0.04,34.48,11.947257617728532,9.44,8.938160167544043,1.11,51.9,19.47426592797784,17.02,8.520398437226147,7.31,58.18,26.831024930747922,24.0,14.016130838031629,4.0,94.0,I24
2023-12-31,9.964630136986301,8.16,6.514412271202919,1.4,32.35,12.444191780821917,10.32,7.485404898973778,2.02,43.36,21.08608219178082,18.9,8.276585186890985,4.67,52.2,12.265753424657534,11.0,5.228625225833304,3.0,30.0,I24
2024-12-31,10.354956011730206,8.38,6.852443386537856,-0.56,33.27,12.48551319648094,10.04,7.776553303358268,0.29,43.06,18.832287390029325,16.61,8.690669238400558,5.95,50.3,17.070381231671554,14.0,9.435588271576156,1.0,55.0,I24
2025-12-31,15.65139240506329,13.44,10.046808491101276,1.43,33.28,19.409240506329112,16.68,12.707332707692016,2.66,50.64,25.506708860759492,23.72,13.13594468912266,6.98,62.06,22.88607594936709,21.0,10.023034165939654,5.0,47.0,I24
2021-12-31,11.65477777777778,9.075,7.642169838407093,1.62,38.98,14.199972222222222,11.665,8.651244118062591,2.16,45.48,18.90888888888889,16.520000000000003,9.113749653423676,5.29,52.6,24.818840579710145,22.0,12.673459541424444,6.0,66.0,I25
2022-12-31,9.81027108433735,6.945,7.604053831312197,2.6,43.48,12.707469879518072,9.274999999999999,9.23941521846217,3.81,69.19,21.379066265060242,18.41,17.704289630791266,6.32,299.82,21.951807228915662,20.0,11.990835991767137,1.0,75.0,I25
2023-12-31,9.508027397260273,7.57,5.684943479216365,1.71,30.15,11.409424657534245,9.5,6.560863187643283,1.87,40.57,16.437397260273972,14.53,7.116717940953637,4.0,45.48,63.558904109589044,64.0,32.48101658440147,4.0,171.0,I25
2024-12-31,7.72560606060606,6.155,5.831955864548545,-0.3,27.23,9.408060606060605,7.640000000000001,6.74881594000462,0.19,33.24,15.038333333333332,13.235,7.13106918138551,4.93,44.2,18.154545454545456,16.0,7.910425228795177,3.0,59.0,I25
2025-12-31,15.396046511627906,14.61,9.108664932630251,2.63,32.32,19.274186046511627,16.78,11.89728124856346,4.15,48.07,24.97511627906977,22.56,12.280976844211622,9.35,57.65,17.74418604651163,17.0,9.502112605340066,3.0,37.0,I25
2021-12-31,12.950363636363637,10.425,7.875124731267448,1.38,38.75,15.455484848484849,12.835,8.85847029485426,2.09,46.17,20.34851515151515,17.79,9.29380634564478,5.51,52.14,28.78640776699029,24.0,15.182969358395548,7.0,81.0,I28
2022-12-31,11.399506849315067,7.92,8.816263180023098,2.33,41.75,13.789890410958906,10.03,10.094563300594803,3.32,58.69,18.366849315068492,15.07,9.857550583560373,6.92,64.32,28.764383561643836,27.0,13.27909794639901,2.0,74.0,I28
2023-12-31,10.522219178082192,7.92,7.717211907299075,0.45,44.73,12.74517808219178,9.99,8.551360972817742,1.03,54.65,17.74208219178082,14.83,8.637471428927192,4.15,54.38,19.216438356164385,15.0,15.441479510644227,2.0,74.0,I28
2024-12-31,9.654590163934426,7.79,7.086725326903215,0.99,35.31,12.066748633879783,9.79,8.358666117429827,1.61,46.22,19.08907103825137,16.71,9.135000683679788,6.01,55.46,27.62295081967213,22.0,18.283757835408885,2.0,121.0,I28
2025-12-31,16.699367088607595,15.55,10.254967944513796,2.65,35.8,20.712151898734177,18.73,13.21637636738313,3.9,52.27,26.778860759493675,25.82,14.338046212727598,8.4,69.68,34.49333333333333,28.0,23.119182004919125,6.0,97.0,I28
2021-12-31,9.84567335243553,7.69,6.701136455075848,0.86,34.54,12.177851002865328,9.95,7.630495699586905,1.54,41.64,17.572120343839543,15.37,8.472236780563648,5.08,51.06,20.671641791044777,20.0,8.336689557190983,4.0,42.0,I29
2022-12-31,8.388739726027397,5.97,6.044184840436969,2.48,29.13,10.87731506849315,8.11,7.354626444216974,3.4,46.73,17.51213698630137,15.26,7.571405746701417,7.41,52.08,19.695890410958903,19.0,9.367239474496884,3.0,54.0,I29
2023-12-31,8.175193370165745,6.285,5.553163864849731,0.08,31.28,10.372209944751383,8.254999999999999,6.381226454083427,0.29,40.4,16.379723756906078,14.274999999999999,6.931727363710145,3.22,44.52,12.69889502762431,10.0,9.03397397363216,2.0,50.0,I29
2024-12-31,8.034398907103826,5.595,6.933355908811069,0.57,37.76,10.083387978142076,7.675,7.7736313333341736,1.06,46.0,16.359043715846994,13.915,8.892075919126443,4.79,82.54,19.24863387978142,16.0,10.930211282337936,1.0,68.0,I29
2025-12-31,15.91506329113924,14.54,11.075820843970789,1.38,38.4,19.02873417721519,16.01,13.20860494264994,2.4,51.61,24.094303797468356,21.83,13.135813121693776,6.12,60.47,28.79746835443038,28.0,13.970096035897205,3.0,54.0,I29
2021-12-31,10.138774373259054,8.82,5.521290043553207,1.66,27.56,12.117715877437327,10.49,6.465241082453492,2.12,35.21,17.784846796657384,16.34,7.2192441391152755,5.82,47.7,26.46212121212121,24.0,15.574693362269027,5.0,75.0,I30
2022-12-31,10.05939226519337,7.265,6.923016184600408,1.98,31.83,13.042044198895029,9.75,8.876432347026444,2.93,54.76,22.105165745856354,18.91,11.517675713900287,6.78,75.73,15.513812154696133,15.0,11.527448987701582,2.0,54.0,I30
2023-12-31,8.222714776632301,7.07,4.506360545184407,2.52,25.01,9.974501718213059,8.69,5.001291903012158,2.71,28.58,15.42639175257732,14.12,5.559436932335988,4.8,32.83,22.2233676975945,20.0,10.764321831010708,5.0,67.0,I30
2024-12-31,10.447377049180329,8.745000000000001,6.179147895763492,2.9,35.93,12.147404371584699,10.065,7.003825262865142,3.69,45.65,17.139207650273224,15.13,7.460531449397436,6.8,52.79,14.78415300546448,13.0,8.86333807791255,4.0,46.0,I30
2025-12-31,18.253291139240506,16.79,10.382779100512957,2.8,37.41,21.677848101265823,19.37,12.699684800337096,3.94,50.77,27.176962025316456,25.66,12.988913947061953,7.78,62.54,27.696202531645568,26.0,12.483172704844224,3.0,58.0,I30
2021-12-31,10.289068493150685,7.77,7.662407678895939,0.82,40.77,12.290383561643836,9.89,8.312929216597995,1.45,45.37,16.447205479452055,14.13,8.505571598261731,4.52,48.19,19.347826086956523,18.5,7.576040001275096,5.0,45.0,I32
2022-12-31,10.318781163434902,6.95,8.174411032761508,2.58,49.2,12.71831024930748,9.04,9.55756786665416,3.44,60.04,19.00271468144044,15.88,9.926860522454021,5.8,67.32,23.166204986149584,21.0,10.443236474286309,4.0,62.0,I32
2023-12-31,10.050246575342467,7.9,6.301028016118695,2.17,33.64,12.713068493150686,10.39,7.608990771349552,2.47,50.75,20.1993698630137,17.33,8.755281507305535,5.38,61.13,22.087671232876712,20.0,10.152030398412755,5.0,69.0,I32
2024-12-31,8.170081967213115,6.305,6.1231905680771535,0.53,31.77,9.9925956284153,7.695,7.245894148507698,1.03,41.07,14.986202185792349,12.785,7.854957743586497,4.47,50.32,12.489071038251366,10.0,8.365856289910369,1.0,44.0,I32
2025-12-31,14.1473417721519,13.88,7.817770471875278,1.11,26.07,17.806835443037976,15.89,10.626760553300768,1.97,39.33,22.816962025316457,20.93,12.091957207744494,5.55,55.5,22.17721518987342,21.0,11.10989336613749,4.0,52.0,I32
2021-12-31,11.579349315068493,9.575,6.558729440795654,2.65,34.85,13.638013698630138,11.52,7.301535414469098,3.26,41.61,19.43390410958904,17.825000000000003,7.725524960046352,6.66,46.65,23.774193548387096,22.0,10.213169503449318,5.0,61.0,I33
2022-12-31,10.888794520547945,8.05,7.570563886119454,3.14,40.05,13.243013698630136,9.79,8.910551358252391,4.17,55.56,19.501123287671234,16.41,9.24049164399116,7.78,62.4,22.97808219178082,20.0,13.83912917462321,2.0,77.0,I33
2023-12-31,9.771671232876711,7.77,6.347006407053302,1.46,31.62,11.992630136986303,9.68,7.385166279472852,1.75,45.55,17.90427397260274,15.43,8.11876782668613,4.15,54.07,9.786301369863013,9.0,6.314846344882521,1.0,38.0,I33
2024-12-31,7.967950819672131,6.015000000000001,6.224886369236267,1.25,30.88,10.034371584699453,7.91,7.101698389467916,1.77,38.37,15.585054644808743,13.315,7.782480561854035,5.43,44.63,16.040983606557376,15.0,8.12511500376382,1.0,45.0,I33
2025-12-31,13.899493670886075,10.99,9.57126627995912,1.99,34.51,17.2626582278481,14.06,12.18325413445731,2.94,51.07,22.127215189873418,19.27,12.377874381196852,6.44,60.6,29.075949367088608,28.0,11.191540019023453,10.0,63.0,I33
2021-12-31,13.63895890410959,10.92,8.24626955359236,2.35,41.93,16.42641095890411,13.57,9.566600237564762,3.03,51.0,21.515534246575342,18.72,10.153394498266225,6.17,56.61,26.63768115942029,25.0,12.035192937227254,6.0,72.0,I36
2022-12-31,12.459141274238227,8.82,8.860035683680808,3.35,51.05,15.476648199445982,11.5,10.556649463768922,4.75,64.96,22.893351800554015,19.38,11.066029806514635,8.51,73.65,23.240997229916896,20.0,13.327710610374208,2.0,75.0,I36
2023-12-31,12.503937500000001,10.12,7.314288253867105,0.56,37.9,15.4745625,12.934999999999999,8.444779348247986,0.85,51.23,24.3889375,21.94,9.85893351369353,3.54,61.75,19.05,18.0,9.38303678508961,1.0,52.0,I36
2024-12-31,8.772213114754098,6.25,7.568503282553251,0.77,42.57,10.877650273224043,8.375,8.385928196922,1.34,50.73,16.393196721311476,14.02,8.749983790174586,5.21,55.17,19.816939890710383,16.5,12.200688838927178,0.0,84.0,I36
2025-12-31,17.99025316455696,15.1,12.72031707945021,1.47,44.27,21.14113924050633,17.86,14.94899542009787,2.55,60.89,25.730632911392405,23.04,14.375445976740513,6.88,68.2,28.50632911392405,30.0,14.022759355475563,5.0,62.0,I36
2021-12-31,13.23649315068493,10.62,8.330395276961353,1.2,39.23,15.944,13.32,9.58026539585126,1.9,48.89,20.854,18.28,9.925458546719007,5.32,54.13,17.25,17.0,5.5982520068245325,6.0,31.0,I37
2022-12-31,12.369068493150685,8.73,8.962483939214646,3.33,68.52,15.152438356164385,11.24,10.501077303428955,4.36,69.91,22.382109589041097,18.77,10.823969975564108,8.26,80.92,19.063013698630137,18.0,9.088628126529287,4.0,55.0,I37
2023-12-31,8.786054794520547,6.8,6.405655150652213,0.03,29.47,11.302520547945205,9.24,7.534547151106129,0.27,44.91,18.724246575342466,16.37,8.700623496321848,3.31,56.19,13.33972602739726,9.0,12.39747780674314,0.0,65.0,I37
2024-12-31,7.377240437158471,5.625,5.773228557781836,0.32,28.96,9.414234972677596,7.279999999999999,6.94639146209286,0.7,34.87,15.198278688524589,13.23,7.710259597209847,4.71,46.03,15.562674094707521,14.0,8.107920782877816,1.0,50.0,I37
2025-12-31,14.48974683544304,13.03,8.354308572823832,1.83,28.33,18.51379746835443,16.11,11.432586949973809,2.9,46.79,24.10367088607595,23.08,12.725372411780349,7.06,56.63,28.354430379746834,25.0,15.048671442069997,4.0,79.0,I37
2021-12-31,12.019916666666667,9.445,7.692454012833246,2.01,40.17,14.568055555555556,11.855,8.533771260053234,2.85,46.01,19.50616666666667,17.11,8.975528027390563,6.11,54.87,27.53030303030303,25.5,12.161407734115759,4.0,63.0,I39
2022-12-31,9.744369501466275,6.6,8.104407840153264,1.7,44.87,12.045865102639297,8.72,9.442358701740652,2.49,61.82,16.84782991202346,13.96,9.57101328370551,5.5,66.26,25.029411764705884,19.5,18.806239619352688,1.0,125.0,I39
2023-12-31,8.262073578595318,6.12,5.836353472874979,-0.35,29.85,10.283678929765887,7.69,6.680707060090455,-0.15,39.02,14.984682274247492,12.89,6.965883314536049,2.84,41.33,15.234113712374581,14.0,7.837616239814034,2.0,43.0,I39
2024-12-31,7.401229508196721,5.25,6.245906746574729,0.16,28.65,9.398032786885246,6.915,7.408208772392988,0.66,39.36,15.090710382513661,12.775,8.025633421901423,4.45,48.45,16.005464480874316,14.0,8.133473717617413,3.0,47.0,I39
2025-12-31,13.354683544303798,11.92,8.528287896750083,0.53,29.06,16.90873417721519,14.21,11.286518321123115,1.44,42.46,22.315569620253164,20.33,12.160862586101349,5.26,53.29,26.82278481012658,25.0,12.228339818205493,7.0,57.0,I39
2021-12-31,14.273068493150685,11.84,8.147687456459835,2.03,39.6,16.821890410958904,14.13,9.209329895861824,2.71,46.94,21.674712328767125,19.23,9.772443609792704,5.92,55.58,34.14492753623188,29.0,18.46581008148609,7.0,105.0,I40
2022-12-31,13.720116618075801,11.96,8.227250859886714,3.31,42.45,16.160379008746357,13.54,9.561330875016639,4.32,58.51,22.666501457725946,20.51,9.728236138565302,8.85,64.68,23.06140350877193,19.5,15.452482316915681,3.0,86.0,I40
2023-12-31,9.418668639053255,6.62,7.470922406571202,-0.16,33.91,11.685443786982248,8.725000000000001,8.731132975558788,0.12,45.89,17.543698224852072,14.29,10.065444084630732,3.08,57.75,22.62130177514793,21.0,10.86954291980652,5.0,56.0,I40
2024-12-31,7.684460431654677,6.025,5.724707319640071,0.38,29.49,9.655359712230217,7.555,6.670928229575491,0.85,40.07,14.728812949640288,12.685,7.222401049870789,4.35,47.61,16.690647482014388,15.0,8.684896155965454,2.0,49.0,I40
2025-12-31,16.007341772151896,14.86,8.73449846047575,2.57,29.84,19.93784810126582,18.13,11.668862650934516,3.72,46.91,25.699113924050632,24.86,12.616463622307512,7.72,61.49,22.860759493670887,23.0,10.068654300142303,5.0,55.0,I40
2021-12-31,12.566460481099657,10.85,6.4972201626848385,2.99,33.86,14.899106529209623,12.95,7.593244040660498,3.64,44.13,21.203333333333333,19.48,8.310540765563452,7.54,49.53,21.096774193548388,22.5,10.24728620999175,2.0,41.0,I41
2022-12-31,11.382383561643834,8.49,7.3537990903523776,2.75,36.98,14.008301369863013,10.57,9.323515429486438,3.6,60.36,20.62819178082192,17.36,10.492544502071668,7.18,69.05,31.7013698630137,30.0,19.303706963014243,2.0,97.0,I41
2023-12-31,9.416122448979593,6.64,7.522079231004303,-0.28,31.71,12.048095238095238,9.17,8.938325234117828,-0.13,44.5,18.135306122448977,14.98,9.856891845693651,2.82,53.5,13.272108843537415,12.0,7.4231753194767265,3.0,32.0,I41
2024-12-31,7.7481967213114755,5.755,6.1804053176116085,0.35,30.26,9.601174863387978,7.455,7.178111362016015,0.75,40.7,15.234234972677594,13.055,7.76140923085145,4.29,50.37,12.707650273224044,10.0,9.14865340480181,2.0,54.0,I41
2025-12-31,14.639113924050633,13.25,8.575729794746097,1.8,29.35,18.34278481012658,16.0,11.49679921305958,2.71,46.69,24.199620253164557,21.13,12.694871308770766,6.31,64.16,27.139240506329113,25.0,13.044041942013408,4.0,64.0,I41
2021-12-31,13.028317307692307,11.51,6.48024695027208,3.65,34.07,15.291634615384615,13.344999999999999,7.311067728094598,4.58,41.57,23.39903846153846,22.064999999999998,8.124893045061123,8.73,53.12,11.25,11.5,5.796183630704868,1.0,22.0,I42
2022-12-31,12.053643835616437,9.16,7.781216332942505,3.97,39.85,14.592520547945204,11.01,9.208137538399809,4.73,55.99,23.03049315068493,20.82,9.916626524391551,8.53,61.8,16.665753424657535,14.0,11.525797857750016,1.0,65.0,I42
2023-12-31,9.287890410958903,7.37,7.008225597960817,0.25,37.67,11.642356164383562,9.61,7.886087654798926,0.64,51.93,19.61139726027397,17.65,8.403873679590852,3.61,55.23,13.084931506849315,11.0,9.176589769040124,1.0,46.0,I42
2024-12-31,8.58101092896175,7.0,6.164133359290105,0.38,29.98,10.778524590163935,9.030000000000001,7.118859344385664,1.04,36.77,17.47516393442623,15.735,7.758873018744225,5.32,45.34,10.37704918032787,9.0,8.833616863167991,1.0,47.0,I42
2025-12-31,15.955189873417721,15.77,9.22106143575388,2.09,32.46,19.79772151898734,17.72,12.240431841444313,2.89,51.44,25.825316455696203,24.32,13.102066370149506,6.83,68.45,24.0,24.0,9.668876847244436,5.0,46.0,I42
2021-12-31,11.492096219931272,9.69,5.992486451096229,3.5,34.29,13.809621993127147,11.85,6.960445897929055,4.35,44.03,21.1493470790378,19.72,7.578753326637387,8.62,48.63,21.265625,21.0,10.291377478103957,2.0,39.0,I43
2022-12-31,10.337369863013699,7.28,7.839680288086938,0.82,38.31,12.716602739726028,9.23,9.41790657476975,1.73,57.95,20.29723287671233,17.5,10.46977653145932,5.88,64.73,31.29041095890411,28.0,17.144122149623126,2.0,86.0,I43
2023-12-31,10.812821917808218,8.58,6.740290899546348,3.88,44.56,12.40095890410959,10.03,7.527806724270807,4.1,55.05,17.22060273972603,15.12,8.059519432438927,6.29,57.17,25.284931506849315,21.0,20.538784480127337,1.0,96.0,I43
2024-12-31,8.03672131147541,6.465,5.873868591860793,0.74,38.01,9.668005464480874,7.865,6.594822926780251,1.29,41.7,14.50155737704918,12.870000000000001,6.753490099706655,5.25,43.21,12.008196721311476,10.5,5.859303668440726,2.0,40.0,I43
2025-12-31,13.345316455696203,12.23,8.384149550230076,1.01,28.42,16.573417721518986,13.78,10.926796030985429,1.88,41.34,21.463417721518987,19.41,11.627167444601895,5.64,53.62,20.025316455696203,19.0,8.038329146999079,6.0,46.0,I43
2021-12-31,9.866105769230769,8.285,5.6417630718426235,2.56,30.02,11.58639423076923,10.05,6.345560963417627,3.09,36.02,18.156009615384615,16.255,6.960136592855878,7.43,39.84,17.291666666666668,16.0,9.015254998891349,4.0,45.0,I44
2022-12-31,9.035780821917808,6.12,7.009734813074686,2.32,34.54,11.052356164383562,7.68,8.29077933042277,2.86,51.88,19.374657534246577,17.2,9.259857842254853,6.93,59.24,23.0,18.0,15.605366786060257,4.0,81.0,I44
2023-12-31,7.81854794520548,6.11,6.382457484784764,-0.86,36.75,9.768849315068493,7.88,7.092705995783011,-0.67,41.75,16.92819178082192,14.85,7.846489907227177,3.04,43.61,12.208219178082192,11.0,7.656458765705578,2.0,55.0,I44
2024-12-31,6.37120218579235,4.390000000000001,5.765855393070784,-0.42,26.47,8.193743169398907,5.975,6.801045522334859,0.1,35.96,14.299672131147542,12.275,7.506129798354257,3.92,45.31,11.325136612021858,9.0,9.70444168087224,2.0,63.0,I44
2025-12-31,11.387594936708862,10.4,7.7975487955148814,0.11,24.83,14.690379746835443,12.65,10.485118323805409,0.86,40.02,20.707341772151896,18.15,11.663099569204638,4.83,53.72,25.70886075949367,23.0,13.151144923087715,4.0,69.0,I44
2021-12-31,10.251767441860466,8.86,5.7783039779464564,1.78,26.99,12.62506976744186,11.03,6.708278458612713,2.36,36.33,17.305302325581394,15.77,6.718922767515317,5.38,38.53,13.3125,12.0,4.772065211517832,6.0,25.0,I45
2022-12-31,8.740767123287672,6.16,6.855831957354814,1.48,32.02,11.223917808219177,8.27,8.419108286147964,2.28,51.74,16.089726027397262,13.79,8.506996954124299,5.55,55.98,39.53972602739726,35.0,23.867461065788508,2.0,110.0,I45
2023-12-31,7.973479452054795,5.82,5.8889803687251705,0.55,32.64,9.961150684931507,7.9,6.801929533270933,0.86,45.92,17.230849315068493,15.37,8.708897628463427,3.79,93.35,23.471232876712328,18.0,17.53716210777903,2.0,83.0,I45
2024-12-31,8.54344262295082,6.744999999999999,6.142354432861284,0.94,27.71,10.502732240437158,8.545,7.024393478962186,1.39,37.49,17.00021857923497,15.205,7.689458000122887,5.61,48.25,12.868852459016393,10.5,8.810595258921396,2.0,52.0,I45
2025-12-31,14.820253164556961,15.26,8.528219066599224,1.54,28.94,18.707088607594937,17.29,11.48917016841141,2.46,45.91,24.712025316455698,22.08,12.566482728002972,6.49,62.01,27.82278481012658,28.0,10.698381729616251,5.0,55.0,I45
2021-12-31,10.834527027027027,9.114999999999998,5.912761976990405,1.98,26.49,13.466554054054054,11.155000000000001,7.207816214033873,2.47,37.51,17.55162162162162,15.274999999999999,7.336552514269311,5.23,40.61,13.854166666666666,12.0,5.157063255229638,7.0,29.0,I46
2022-12-31,10.775762711864406,8.254999999999999,6.3688409884062,3.63,31.85,13.045225988700565,10.03,7.9872014535296385,4.43,50.37,17.959661016949152,15.57,7.950235544343574,7.09,56.21,25.804532577903682,23.0,14.992376163695216,5.0,93.0,I46
2023-12-31,10.117971530249111,8.38,6.732826551353834,-0.48,33.7,12.258042704626336,10.52,7.480500752787578,-0.25,45.08,18.012633451957296,16.61,7.593472020484239,3.03,48.78,14.03914590747331,14.0,5.861670104226082,4.0,34.0,I46
2024-12-31,7.7065300546448094,5.9,6.172391888491984,-0.09,28.48,9.578469945355192,7.445,7.061661479991685,0.71,34.95,15.18016393442623,13.184999999999999,7.506023916931323,4.53,44.5,21.131147540983605,19.0,9.568169965451126,5.0,53.0,I46
2025-12-31,13.987341772151899,13.97,8.486786971501228,0.4,29.79,17.91518987341772,16.91,11.503503018396401,1.42,44.15,23.530759493670885,22.75,12.931620138860174,5.14,67.98,33.30379746835443,32.0,15.873178821747487,4.0,74.0,I46
2021-12-31,9.713648648648649,7.91,5.751050675808067,1.6,29.34,12.003716216216215,9.95,6.51715457718048,2.16,36.28,16.155202702702702,14.515,6.628417739350741,5.13,38.15,13.854166666666666,13.0,5.078069591896298,6.0,25.0,I47
2022-12-31,8.286219178082192,5.66,6.322589186224504,1.92,32.6,10.827068493150685,8.03,7.978962821152868,2.74,50.45,15.637260273972604,12.6,8.81848100913332,5.5,55.53,22.997260273972604,21.0,12.778652061827028,2.0,72.0,I47
2023-12-31,8.52441095890411,6.84,5.315494973064201,1.15,25.7,10.954520547945206,9.06,6.5563771156128245,1.47,42.05,17.348465753424655,15.33,7.668241438589411,4.1,53.76,8.219178082191782,7.0,6.055708811749874,1.0,36.0,I47
2024-12-31,7.392456647398844,5.395,5.789308990291642,1.09,27.08,9.385520231213873,7.025,6.807888680002022,1.59,35.81,15.177023121387283,12.97,7.708367001975516,5.31,44.53,11.820809248554914,11.0,5.963388340753842,1.0,41.0,I47
2025-12-31,13.361898734177213,10.0,9.217087681200992,1.82,32.83,16.60088607594937,13.18,11.836652245643227,2.77,47.05,21.263417721518987,18.4,11.991533432670794,6.07,55.76,21.696202531645568,22.0,9.162849224295517,6.0,54.0,I47
2021-12-31,11.82252427184466,9.715,7.0413482936218195,2.14,34.21,14.177766990291262,12.11,7.892945467952745,2.9,42.22,19.736796116504856,18.215,8.113660533078372,6.68,45.32,29.479166666666668,28.0,10.770309036308504,5.0,51.0,I48
2022-12-31,10.14972602739726,6.75,8.133603099197934,2.0,38.81,12.712191780821918,9.02,9.609249757248742,2.81,57.64,18.405561643835615,15.08,9.72952714055234,6.45,63.1,36.675824175824175,34.0,18.074512689440244,6.0,116.0,I48
2023-12-31,8.668739495798318,6.49,6.656238421474997,-0.09,40.71,10.838291316526611,8.64,7.6258780039171,0.1,49.62,16.19484593837535,13.92,7.922658076774437,2.89,51.54,23.173669467787114,21.0,12.24346104920807,4.0,65.0,I48
2024-12-31,6.673513513513513,4.865,5.360549474095315,0.01,30.0,8.40875,6.49,6.212975388488682,0.53,38.68,14.306587837837839,12.685,6.676790321378095,5.06,46.47,16.885135135135137,14.0,10.504251696836391,3.0,51.0,I48
2025-12-31,13.515569620253165,12.19,8.757473694205782,1.92,31.41,16.78405063291139,14.39,11.31142156145695,2.66,46.27,22.537974683544302,20.15,12.096932052230185,6.24,58.81,29.189873417721518,28.0,11.963701456818207,8.0,55.0,I48
2021-12-31,10.71247572815534,9.245000000000001,5.959716001327679,2.14,28.07,13.08378640776699,11.195,6.976491551895408,2.8,37.41,17.51621359223301,16.17,7.062828441437623,6.18,39.91,18.75,17.0,6.761908329408136,6.0,34.0,I49
2022-12-31,10.904383561643835,8.1,7.639034802225945,2.09,34.72,13.452301369863013,10.37,9.271285646893274,2.82,52.55,17.795616438356163,14.94,9.351914710559289,6.19,57.66,36.11232876712329,31.0,19.204966914247205,5.0,115.0,I49
2023-12-31,8.377835616438356,6.55,6.917952753710751,-0.54,34.74,10.729890410958904,8.52,8.029879160274861,-0.26,46.37,16.26991780821918,13.98,8.016811439254802,2.9,47.34,21.649315068493152,19.0,12.007222223253429,5.0,75.0,I49
2024-12-31,8.587431693989071,7.085,7.043068716644491,-0.31,38.68,10.803907103825138,8.805,8.234126466439486,0.34,48.55,16.507295081967214,14.515,8.860499942932986,4.54,53.85,12.188524590163935,10.0,6.861045849283403,1.0,39.0,I49
2025-12-31,19.310126582278482,17.94,10.924670210790836,3.46,40.7,23.719367088607594,21.04,14.172172746742762,5.06,62.11,30.13025316455696,27.78,14.51955621758457,9.73,74.73,19.139240506329113,19.0,9.271868366489988,5.0,39.0,I49
2022-12-31,8.443684210526316,5.54,7.346680411791782,0.69,34.85,10.456666666666667,7.175,8.626490843994734,1.13,49.98,14.760643274853802,11.620000000000001,8.589902047188422,3.85,55.18,15.263157894736842,11.0,11.303117130271042,1.0,66.0,I50
2023-12-31,8.595013698630137,6.21,6.5431887924763155,0.45,36.63,10.301150684931507,7.64,7.143301656964828,0.62,42.47,14.145753424657533,12.01,6.907532144235664,3.19,43.29,9.547945205479452,7.0,7.8998558477083485,0.0,41.0,I50
2024-12-31,7.60948087431694,5.655,6.178999786365683,-0.14,33.74,9.421721311475409,7.2,7.240687891254409,0.54,38.54,14.43049180327869,12.344999999999999,7.638284952640931,4.36,50.17,7.122950819672131,7.0,4.676805845087347,0.0,31.0,I50
2025-12-31,13.50379746835443,13.2,8.153028744095336,0.84,27.0,17.296582278481015,15.63,11.185995466639612,1.64,43.22,23.015949367088606,19.93,13.23690397984976,5.31,65.71,12.784810126582279,11.0,7.7172316115001465,2.0,37.0,I50
2021-12-31,10.666941747572816,9.100000000000001,6.28717097700954,1.59,30.07,12.721601941747574,10.940000000000001,7.068661849890246,2.19,37.23,16.87781553398058,15.09,7.156015009388031,5.45,39.11,23.291666666666668,21.0,8.374120044806062,8.0,47.0,I51
2022-12-31,9.003616438356165,6.34,7.228595919911103,1.57,34.95,11.055945205479452,8.06,8.410376080839972,2.2,48.93,15.104246575342467,12.29,8.353955192399347,5.27,54.42,36.62362637362637,33.5,17.918197716364187,4.0,98.0,I51
2023-12-31,7.793260273972603,5.76,6.418515203560331,-0.43,38.1,9.794520547945206,7.46,7.22466179312144,-0.19,45.07,14.628520547945206,12.5,7.323303126617754,2.86,44.56,22.068493150684933,18.0,12.976446082920681,4.0,76.0,I51
2024-12-31,8.481120218579235,6.885,6.189016794181333,0.15,26.03,10.582486338797814,8.555,7.500580002674805,0.76,39.13,15.5125956284153,13.445,8.282729553757818,4.43,49.43,12.062841530054644,11.0,6.911486299088621,2.0,39.0,I51
2025-12-31,15.642784810126582,15.73,7.297263613709692,3.19,26.71,20.51886075949367,19.11,11.161819306186304,4.12,47.77,27.200886075949366,25.53,13.453748614007406,7.84,69.35,18.430379746835442,18.0,8.286045644216914,5.0,36.0,I51
2021-12-31,10.361116504854369,8.285,6.024422345834874,1.72,29.71,12.771844660194175,10.8,7.101399346480305,2.54,37.85,17.128883495145633,15.105,7.272887453966803,5.69,40.03,15.729166666666666,15.5,5.374247432059013,8.0,31.0,I52
2022-12-31,8.836600566572239,6.05,7.030908773675678,1.63,32.9,11.409830028328612,8.2,8.741849708995456,2.54,52.58,15.904759206798866,12.84,8.711690030912186,6.29,57.94,30.91737891737892,27.0,20.493943634199002,2.0,134.0,I52
2023-12-31,7.909790419161676,6.255,5.673147773648211,-0.32,26.9,10.17437125748503,8.335,6.578211331221463,-0.06,37.04,15.93494011976048,14.094999999999999,6.882443946817749,2.91,42.06,22.95808383233533,20.0,13.554185902385822,5.0,82.0,I52
2024-12-31,8.510710382513661,6.91,6.007677283550539,0.67,26.62,10.881639344262295,8.825,7.248551261278303,1.22,39.87,17.19775956284153,15.565,7.975981815776239,4.87,50.08,19.418032786885245,18.0,10.652807332561476,4.0,59.0,I52
2025-12-31,14.644810126582279,15.04,7.779124738314403,1.8,27.32,19.783291139240504,17.83,11.699928415463566,3.19,48.28,27.115696202531645,25.23,13.63232213824493,7.39,67.49,29.151898734177216,29.0,12.175099228358798,6.0,55.0,I52
2021-12-31,11.113783783783783,8.75,6.880217757919904,2.45,26.3,13.477027027027026,10.14,7.6060085403525495,3.69,31.17,18.022972972972973,16.45,7.750739701210196,7.79,34.92,6.081081081081081,5.0,2.6497209326683864,2.0,13.0,I55
2022-12-31,9.325890410958904,6.19,7.698562630865829,1.86,36.63,11.633397260273972,8.16,9.124075534594255,2.49,51.91,16.779013698630138,13.66,8.961702528613092,6.01,55.6,18.517808219178082,15.0,12.803581041669222,2.0,64.0,I55
2023-12-31,7.396620498614958,5.1,6.295490113523135,0.13,36.25,9.479168975069252,6.98,7.283748415077631,0.32,44.03,14.735069252077562,12.55,7.447668990896988,3.07,45.04,21.952908587257618,19.0,11.09707161647004,2.0,63.0,I55
2024-12-31,6.5580874316939894,4.83,5.147889489399951,0.1,25.56,8.45464480874317,6.405,6.276096663177544,1.04,34.22,14.090382513661202,12.08,7.3812545146097515,4.5,46.72,13.426229508196721,12.0,5.649950465711173,2.0,42.0,I55
2025-12-31,10.389620253164557,9.68,7.043593459896908,-0.3,23.09,13.636455696202532,11.3,9.576498883548295,0.54,36.6,21.627088607594935,19.33,11.353307227626166,6.71,57.6,17.924050632911392,17.0,7.772027673088253,4.0,36.0,I55
2021-12-31,11.29241610738255,9.06,7.632056562043109,1.3,37.39,13.266644295302013,10.64,8.415493562851976,1.75,43.5,17.517986577181208,14.72,8.545936048541702,4.96,47.87,13.104166666666666,13.0,5.011644242579913,5.0,24.0,I56
2022-12-31,10.771479452054795,7.14,8.458005116601738,1.92,39.55,13.292739726027397,9.59,10.013534832211723,2.51,55.8,17.978520547945205,14.22,10.645854685323894,5.97,71.82,18.057534246575344,13.0,13.67115674953623,4.0,62.0,I56
2023-12-31,9.603643835616438,7.15,7.230122970565698,1.27,40.67,11.652630136986302,9.25,8.199833936114713,1.51,54.29,16.134109589041095,13.85,8.19734509346556,4.03,54.4,15.273972602739725,14.0,8.979005234392467,3.0,45.0,I56
2024-12-31,7.943142076502732,6.325,5.6232118951818935,-0.24,25.27,9.798524590163934,7.9,6.724009282481734,0.69,33.42,15.079344262295082,13.385000000000002,7.397671170504422,4.41,43.94,14.155737704918034,11.0,10.11145057555896,3.0,62.0,I56
2025-12-31,13.121265822784808,12.35,7.188519402329183,1.76,23.82,16.609240506329115,14.43,9.798846710285428,2.39,35.47,21.540759493670887,19.9,10.844006470804555,5.8,49.89,20.848101265822784,19.0,12.22868486502434,3.0,72.0,I56
2021-12-31,11.86608108108108,9.515,7.594546166583909,1.58,37.87,13.97635135135135,11.435,8.388034492729664,2.04,44.84,18.124256756756758,15.58,8.429156564936527,5.14,46.37,18.916666666666668,18.0,7.606921074058174,6.0,35.0,I58
2022-12-31,9.591561643835616,6.36,8.15581269992923,2.02,41.34,11.704739726027396,8.15,9.496373787432901,2.61,57.69,15.760630136986302,12.37,9.5024627165151,5.61,63.99,26.695890410958903,23.0,14.438125262195854,6.0,84.0,I58
2023-12-31,9.202666666666667,6.84,7.0486814506333415,0.05,43.26,11.143272727272727,8.675,7.857804334084008,0.28,54.59,15.377515151515151,12.97,7.664074158861961,3.31,54.14,20.6030303030303,20.0,9.17459770611157,2.0,51.0,I58
2024-12-31,6.982841530054644,4.865,6.262564892028924,0.33,31.78,8.580491803278688,6.305,7.174935351047666,0.67,39.04,13.317896174863389,11.085,7.499069107536065,4.47,47.78,15.726775956284152,14.0,7.383186674294175,3.0,51.0,I58
2025-12-31,14.00860759493671,11.79,9.239443974581413,0.95,33.49,17.256962025316454,13.98,11.88559420587564,1.72,45.59,21.694430379746834,19.23,12.269190593205348,4.74,52.88,21.89873417721519,21.0,10.220134648002643,5.0,52.0,I58
2024-12-31,9.519731343283583,8.57,5.098819951485574,1.13,24.72,11.619373134328358,10.1,6.1073386621348105,2.06,34.69,17.881522388059704,16.47,6.919256978641082,6.57,47.22,18.22089552238806,17.0,7.044693448437974,5.0,42.0,I59
2025-12-31,13.554177215189872,13.61,7.221898075599377,2.55,25.48,17.534683544303796,15.72,10.24426241359386,3.43,41.25,23.56873417721519,21.9,11.580714557366552,6.83,57.72,26.949367088607595,27.0,10.268071916204077,9.0,60.0,I59
2024-12-31,13.759310344827586,11.42,7.56539911657696,4.9,28.9,16.713793103448275,12.66,9.79144722040367,6.34,44.29,22.223103448275864,18.97,10.466277856405672,11.15,56.87,8.310344827586206,7.0,3.8088566739326883,3.0,19.0,I60
2025-12-31,17.787848101265823,17.9,8.282417222861575,3.83,30.86,22.082784810126583,20.48,11.661405766591763,4.7,50.16,28.907088607594936,26.28,13.762506121650164,9.09,72.88,12.670886075949367,12.0,5.57632706750402,3.0,27.0,I60
2024-12-31,11.176875,8.995000000000001,6.942380685566971,3.23,26.94,14.005625,12.095,8.343094524815118,4.88,37.32,20.629375,19.66,8.699093032226598,11.27,47.48,14.125,15.5,4.814907406517111,4.0,20.0,I61
2025-12-31,16.525949367088607,16.01,8.892072458813416,2.59,31.26,21.545696202531644,19.39,13.014347672565895,3.74,54.39,30.729367088607592,27.91,16.591595829165744,8.48,87.43,29.139240506329113,28.0,9.931475704656602,9.0,59.0,I61
2024-12-31,9.431333333333333,8.17,6.215517294489272,2.21,21.13,11.812000000000001,10.87,7.210878884415845,3.61,28.63,17.096,16.2,6.840827852993066,7.1,35.78,16.733333333333334,17.0,7.914423241026173,5.0,29.0,I62
2025-12-31,13.298101265822785,13.7,7.254332759426297,0.95,24.36,17.048101265822783,16.35,10.064475616022486,1.78,37.4,23.048734177215188,21.8,12.222790437107966,6.39,57.41,25.354430379746834,27.0,9.046940231702004,6.0,45.0,I62
2024-12-31,12.356666666666666,8.52,8.100147852853999,4.21,32.14,14.527333333333333,12.37,8.657447220800853,5.72,38.14,18.868,17.72,7.554284687702545,8.76,41.05,12.0,10.0,6.813851438692469,5.0,30.0,I63
2025-12-31,17.548481012658225,14.55,11.142634463685038,2.81,40.56,20.7826582278481,17.42,13.69478514906788,3.81,53.72,25.62873417721519,23.14,13.689710001150933,7.57,66.02,22.645569620253166,21.0,11.51814396404651,4.0,58.0,I63
2024-12-31,10.151333333333334,7.63,6.0922337759603735,2.76,22.26,12.236666666666666,9.58,6.924522331815353,4.0,29.2,16.342666666666666,15.7,6.401918759990932,8.58,35.1,16.2,18.0,6.635402883666629,7.0,27.0,I64
2025-12-31,13.644177215189874,13.77,6.987400677262067,2.07,24.55,17.029493670886076,16.69,9.464112769276092,2.78,35.88,22.627848101265823,21.8,11.297007962275137,5.97,53.26,28.531645569620252,29.0,10.390868085250446,5.0,57.0,I64
