Neighbourhood,LAT,LON,PM1_mean,PM2.5_mean,PM10_mean,NO2_mean
Achtse Barrier-Spaaihoef,51.49148635097494,5.439191643454039,9.13603385574649,11.520968143126781,17.415387588969388,22.413960763329623
Binnenstad,51.44287097355522,5.481007400500122,11.397772953581192,14.019923144210521,20.047161115494042,20.798052153138748
"Eliasterrein, Vonderkwartier",51.446412351102055,5.4553796587726,11.275324621269151,13.795555646247108,19.380194085499646,23.74568321584735
Genderdal,51.410358358092736,5.46479972027549,9.799388636865629,12.39349843519468,18.871553937644794,17.37242585793136
Het Ven,51.451632166814704,5.443302107600558,10.308315525932297,12.538102050072858,17.91248753805847,21.658259391029944
Jagershoef,51.47007725223186,5.46385866758416,11.333216038490162,14.211578289110538,20.387508900608427,19.820015258782487
Leenderheide,51.433197714285726,5.519741142857143,9.628041874548574,12.088515058355716,18.78640890964089,22.612447167650544
Tempel,51.479703287671235,5.475099178082192,10.595103994258613,13.104238675111054,18.690490847002998,19.85359770682152
Zandrijk,51.45124149649664,5.393054814001042,10.431847736402844,12.93133658461218,18.995744755027836,23.869585547782368
Riel,51.41670116797133, 5.521552001267527,10.006401507132676,12.514498333557121,18.99900205218708,20.855282387167772
Vaartbroek,51.478597626687694, 5.4986383772478105,10.67589922331381,13.21614544627192,19.018405822593227,20.553399853445534
Genderbeemd,51.422574102702605, 5.438448115885852,10.192404185894759,12.724851493778392,18.88928629311897,21.84965363342388
Oude Toren,51.45524744758665, 5.481382906581819,10.944049627850003,13.536910636461187,19.301746666490278,21.11571491144781
Barrier,51.46077134206934, 5.459137196418091,10.91967240785376,13.505681285445178,19.30925908170529,21.406308969969665
"Muschberg, Geestenberg",51.44440481234024, 5.521265473481282,10.522659236757942,12.984189911002016,19.197442276923493,21.84328663600499
Kronehoef,51.45545212275582, 5.4683267185110935,10.9325861330591,13.530784509717865,19.234220558934613,21.139094810246483
Luytelaer,51.470460227595005, 5.503203026173081,10.77080627171336,13.326550531543834,19.215854779730872,20.72473968575813
Gijzenrooi,51.418575330704186, 5.513834606273595,10.011573078758945,12.52048252303802,19.00489295309816,20.836032817078838
Vlokhoven,51.47187039813515, 5.483397339983253,10.847602255462009,13.497059762968206,19.267066097437336,20.277874531458224
Irisbuurt,51.43436019809176, 5.4946284774635945,10.469272554816236,13.054358827197914,19.315488734365935,21.36282950012785
Zwaanstraat,51.45150201232835, 5.449120556209434,10.566783953086013,12.912491647267748,18.391053153678982,22.155861963652697
Oude Gracht-West,51.461861936263325, 5.4900436940802395,10.906501775234883,13.52932241708158,19.34633921581944,20.68112013358972
Burghplan,51.42778712352015, 5.506932499352118,10.021397127018261,12.522345826210227,19.018069907304994,21.97312212192595
Tongelresche Akkers,51.43533902335683, 5.5252226058755065,9.890141840569937,12.364831263841747,18.937229378073518,22.248406943379045
Drents Dorp,51.44700069114258, 5.443743030611926,10.707005865146492,13.078579311908339,18.708455934298694,22.61439779281033
Blaarthem,51.42435886349648, 5.457445971309711,10.252672906119653,12.86747922259293,19.1706453138628,21.492442678636174
Bosrijk,51.44439178604408, 5.416447511576149,10.585228331789217,12.9979977334279,18.88342617875214,22.851927874356974
Genneperzijde,51.42090701733734, 5.481638220379527,10.238757481033307,12.864908952574854,19.171781590201924,19.766352888889088
Strijp S,51.446633587850286, 5.457720010664559,11.208722840284295,13.74559684196947,19.44387401067994,23.29670102718094
BeA2,51.47225767052634, 5.398982737468006,10.362515908719464,12.779023028121141,18.68312173833926,22.124673559804695
Wielewaal,51.45550894478796, 5.427001155227117,10.457290722865366,12.80828772118285,18.424246552812356,22.161337221426542
Hurk,51.43113844856481, 5.437423675659915,10.404985772653603,12.892081938719821,18.893542097750327,22.36724748143046
't Hofke,51.450033590090115, 5.520216759529927,10.543747170132486,13.050701373212187,19.17498049257911,21.68556189931323
Kerkdorp Acht,51.47690702331928, 5.4314064067410275,10.28138900591774,12.695438839280772,18.439618229734208,21.60575756502068
Looiakkers,51.42656118705498, 5.483548530422975,10.344099515552777,12.956440426314266,19.245699552103698,20.969765103499967
Fellenoord,51.444188225634434, 5.477124056663715,11.239566217292456,13.829422998331788,19.73565438156878,21.034391907966082
Schouwbroek,51.438980605319664, 5.454276361053605,10.882891636357897,13.442641791942709,19.351682861119816,22.66230576720523
Kerstroosplein,51.41871318275768, 5.4940298820518825,10.196379597936229,12.789472944844004,19.142524155337345,20.063192543512656
Joriskwartier,51.42724658086041, 5.490379824517585,10.382523017421178,13.000652258768472,19.25961259146071,21.19901495758551
Elzent-Zuid,51.42691043682247, 5.4784576727467895,10.429316764627108,13.04940472236251,19.27024501590474,21.095296392599543
Grasrijk,51.43673514905037, 5.418007770957194,10.329326570237258,12.807749727024348,18.846721439423174,22.721852654729503
Meerbos,51.45056114369441, 5.4168505397948685,10.44461001601011,12.873095762106004,18.74906093671631,22.827436592020412
Prinsejagt,51.46830191643308, 5.458430007720667,11.117450213969608,13.829056981681209,19.730472131650068,20.64809052742923
Karpen,51.45300224128063, 5.503009777600558,10.735292713364453,13.26113090175221,19.17811093493679,21.35410170240521
Sintenbuurt,51.424179581972915, 5.501237309474529,10.065308189953019,12.56845871296338,19.04421241395859,21.533056326109833
Woenselse Watermolen,51.45006562733259, 5.480105708975194,11.03142905064307,13.625494343199758,19.534181055262202,21.28832096611396
Generalenbuurt,51.46274862357143, 5.481134030386343,10.94087633915786,13.580072706668606,19.3947148555797,20.614242940085084
Eikenburg,51.41025548410981, 5.486199146668725,10.127123280568979,12.757036931077586,19.11283378609923,19.37865468922255
Driehoeksbos,51.473387892665905, 5.45120151643593,10.864585015426705,13.477684424518044,19.267755332436295,21.066244235119168
Achtse Barrier-Hoeven,51.49045018427772, 5.445992380298528,9.568388905478532,12.00538358627351,17.80810991473799,21.935152760829315
Hanevoet,51.41535050098738, 5.441147251096818,10.107076881059522,12.664115931342135,18.879830114842363,20.560306886722913
Doornakkers-West,51.439755675611956, 5.508806094098909,10.359726898083743,12.847158325409307,19.194365254561276,21.73349389766244
Eckart,51.47193894564272, 5.49330575089309,10.81163747787588,13.43771609339596,19.23364308216194,20.428250020320604
"Bennekel-West, Gagelbosch",51.41775149127531, 5.452503101269037,10.121451461471512,12.740613105049576,19.022720178692396,20.16418551284545
Waterrijk,51.437406795208965, 5.398133494698103,10.288046309308903,12.776798275089536,18.911848040898718,23.130783678580617
Bennekel-Oost,51.41982795492483, 5.46344761493821,10.117877810112626,12.762678309521558,19.159393720961724,19.199835024067966
Villapark,51.441079774670236, 5.492950151394901,11.06280438206468,13.645482640486795,19.62726159670619,21.172658451171333
Rapenland,51.46247778205558, 5.472656457231123,10.955657850284545,13.60647731184633,19.414094724303204,20.49370371808176
Heesterakker,51.48407803608097, 5.498090845923246,10.552147892876603,13.124929280937815,18.944447206128118,20.56135871721093
Doornakkers-Oost,51.43825699480242, 5.516934854197841,10.181621955071154,12.65374620077415,19.09813829391237,21.947829372113222
Lakerlopen,51.43837123717663, 5.499478301642894,10.664191349128005,13.207078242013552,19.43053886314128,21.40539808225089
Mensfort,51.46207649231469, 5.466159979056215,11.01023064273599,13.692966221461644,19.515254722248308,20.451951269463898
Tuindorp,51.429331632152106, 5.495734244075731,10.346208617326598,12.921925107705608,19.229203895353095,21.375164965439822
Hondsheuvels,51.45513015309998, 5.490813698333938,10.904704544218358,13.497978665912264,19.288445757302107,21.069531602828384
Schoot,51.443769000112205, 5.453118795779559,11.159158374028314,13.664188733672832,19.308307328451697,23.150474384104257
Puttense Dreef,51.42598271700858, 5.514706916689064,9.874831841967413,12.35916248431608,18.951151983660374,21.925689682339225
Hemelrijken,51.44892926268325, 5.47073183711956,10.985366045905323,13.594246296683991,19.41560019334174,21.56491099550547
Engelsbergen,51.43512062482633, 5.457298932369045,10.61069492835112,13.201446496516786,19.26546650087053,22.43033340172128
Limbeek-Noord,51.44857240197058, 5.463744792289883,11.12523427995512,13.699113294306006,19.455101651919307,22.152666372996464
Eindhoven Airport,51.452421397452056, 5.3766454520629265,10.391980185356962,12.815159096017709,18.67685563004009,23.047871829209235
Koudenhoven,51.45865524050171, 5.514989020096344,10.66482377393545,13.1988823325057,19.125816427923326,21.282403683458284
Gennep,51.41410882743545, 5.471252044759836,9.981684406675715,12.639941964485192,19.017917561654855,18.664319325093256
Beemden,51.409531025903675, 5.451385178876765,10.036475147446172,12.66298524910674,18.998594545767638,19.87151153753311
Flight Forum,51.45280167640792, 5.39911211840621,10.388977031666595,12.812172067488344,18.68812548849803,23.227213321426223
Herdgang,51.4617179948474, 5.434177893360525,10.546849047961647,12.944099823494149,18.609713421616767,21.810520635110237
Gildebuurt,51.45013067798586, 5.4754153305367925,10.988080554803462,13.569503881574809,19.438354759979916,21.32046807815715
Limbeek-Zuid,51.444520305886066, 5.468260697039129,11.152182643154081,13.740790704044297,19.55437340049342,21.46055832844793
Tivoli,51.420627236189844, 5.507462272720255,10.035724159727149,12.54706801595825,19.019634392995584,20.789055849005564
Nieuwe Erven,51.422940495233576, 5.496271107553917,10.193622841823686,12.77063479782112,19.152828246992343,21.060487215836602
Vredeoord,51.4656799043364, 5.443837232394569,10.684783943534093,13.169504237058547,18.853748384998724,21.433307662246918
TU-terrein,51.447493765789126, 5.4905343160054185,11.105232625494281,13.700738663212006,19.600662699371156,21.258012257601116
Achtse Barrier-Gunterslaer,51.48035368406392, 5.447327775016037,10.369946027200394,12.839485962174093,18.556209152979218,21.366209620168075
Park Forum,51.44103410951363, 5.387439867355992,10.527472733070631,12.967068699441585,18.98455402384244,23.35587548540402
Poeijers,51.43123371620276, 5.518225262058485,9.868555744800352,12.341354902998393,18.927647078838447,22.27984612258476
Esp,51.49224330555758, 5.489872193911119,10.305396070478533,12.927444327642093,18.7623688125936,20.49827754620964
Roosten,51.4092334691176, 5.495858729788997,10.148832441553365,12.745380012322967,19.109666328492857,19.79079838034027
Lievendaal,51.44352340911949, 5.432238328736127,10.671875973692028,13.05945510332527,18.813188317997486,22.526477990925954
Ooievaarsnest,51.40992083566523, 5.432218872526164,10.124788753374904,12.678625464648821,18.878311531382437,20.71541944610526
Kapelbeemd,51.48394899932305, 5.421928096847448,9.994005259534305,12.405623708271396,18.199102365428246,21.79150220063187
Woenselse Heide,51.48000644356511, 5.4632066874690075,10.744907930094826,13.355321546107982,19.197063629163903,20.164428878989874
Castiliëlaan,51.492677029200216, 5.458233105626668,10.019006581009258,12.597215941362098,18.50503121693759,21.325740054886218
Blixembosch-West,51.48716970788602, 5.462010152012855,10.225960559695366,12.851527141367793,18.78783582365677,20.497768628380584
Woensel-West,51.455354046854325, 5.45618402567687,10.855890555961693,13.35299037893799,18.971660224471833,22.047907267227373
Meerrijk,51.441431321851596, 5.4053086652451166,10.54522118725924,12.979565675286924,18.965283480542055,23.167139881738816
Oude Gracht-Oost,51.4633033622906, 5.496721387889998,10.86426202922122,13.465756242579687,19.304426763189678,20.713918395969984
Schrijversbuurt,51.42922281212819, 5.472297472331957,10.488841954721517,13.116782969737745,19.253835834225185,21.1197377720824
Sportpark Aalsterweg,51.41152217557378, 5.47899032741021,10.076789394738878,12.710903086177666,19.091080055708062,18.999719590276342
Gerardusplein,51.41994892584753, 5.488351033567695,10.23595483924912,12.858472427259784,19.16893294097762,19.90351854680395
Philipsdorp,51.44133545634734, 5.463361670013237,11.116580965146357,13.703617647168537,19.532495850210307,21.881820214815257
Schuttersbosch,51.41512502003916, 5.503095255320423,10.079568947361174,12.599858204716483,19.03310469157781,20.47370799161601
Eckartdal,51.46495923065902, 5.506108047244293,10.755809634967264,13.302702593542213,19.22863649679883,20.921415307207763
Bergen,51.43539470269463, 5.475137669508938,10.6740558925578,13.29263964001223,19.408536407231146,21.277109058322537
't Hool,51.47374134637969, 5.475332174046518,10.835617926685854,13.489154764415055,19.22304218426757,20.091322407216005
Kruidenbuurt,51.41925117780974, 5.499994525534936,10.166009433777198,12.721347707288597,19.13468355551362,20.48370185521226
Hagenkamp,51.431951756726, 5.460750863019136,10.55906808993323,13.164772608854705,19.31561075284248,21.454180370241502
Oude Spoorbaan,51.4313155428131, 5.46646737715935,10.546276941461713,13.16182832815377,19.27838890979923,21.282138068640013
Mispelhoef,51.472090866116886, 5.414670017612557,10.35569473341791,12.771747084750803,18.653664798837305,21.948777802973417
Urkhoven,51.43954314848161, 5.53575370379062,10.271420814853345,12.751533342576469,19.13131659351209,21.803581174773885
Blixembosch-Oost,51.48978101738707, 5.476695493680699,10.285803853303534,12.898422513090756,18.698068842730272,20.339760740076272
Bokt,51.491628626659654, 5.504372699789956,10.280805380994451,12.863429525649813,18.770954948094484,20.781208855542666
Rapelenburg,51.42486130337323, 5.466637137862731,10.245015276400014,12.869751621079184,19.150364814426517,20.625585293671868
Elzent-Noord,51.43102137706846, 5.48188073463311,10.55994901851197,13.176315020202349,19.359088704264657,21.26976300660376
Witte Dame,51.440389053412694, 5.472280423519718,11.130160609077185,13.751655949727343,19.618633798763916,21.18973333664072
Winkelcentrum,51.46932023444889, 5.475540025881163,10.972958973586984,13.658300370891471,19.446997455456483,20.160226880441712
Rochusbuurt,51.43210882505696, 5.48820270634632,10.544100214891172,13.159878753321799,19.359133382604654,21.244557356131047
Bloemenplein,51.42527141225692, 5.488570777411908,10.297308302374104,12.90664109704266,19.21682103478871,20.92868400433339
