;;"I02";"I02";"I02";"I02";"I02";"I02";"I03";"I03";"I03";"I03";"I03";"I04";"I04";"I04";"I04";"I04";"I05";"I05";"I05";"I05";"I05";"I07";"I07";"I07";"I07";"I07";"I08";"I08";"I08";"I08";"I08";"I09";"I09";"I09";"I09";"I09";"I10";"I10";"I10";"I10";"I10";"I11";"I11";"I11";"I11";"I11";"I12";"I12";"I12";"I12";"I12";"I13";"I13";"I13";"I13";"I13";"I14";"I14";"I14";"I14";"I14";"I14";"I16";"I16";"I16";"I16";"I16";"I17";"I17";"I17";"I17";"I17";"I18";"I18";"I18";"I18";"I18";"I19";"I19";"I19";"I19";"I19";"I22";"I22";"I22";"I22";"I22";"I23";"I23";"I23";"I23";"I23";"I24";"I24";"I24";"I24";"I24";"I25";"I25";"I25";"I25";"I25";"I25";"I28";"I28";"I28";"I28";"I28";"I29";"I29";"I29";"I29";"I29";"I30";"I30";"I30";"I30";"I30";"I32";"I32";"I32";"I32";"I32";"I33";"I33";"I33";"I33";"I33";"I36";"I36";"I36";"I36";"I36";"I37";"I37";"I37";"I37";"I37";"I39";"I39";"I39";"I39";"I39";"I40";"I40";"I40";"I40";"I40";"I41";"I41";"I41";"I41";"I41";"I42";"I42";"I42";"I42";"I42";"I43";"I43";"I43";"I43";"I43";"I44";"I44";"I44";"I44";"I44";"I45";"I45";"I45";"I45";"I45";"I46";"I46";"I46";"I46";"I46";"I47";"I47";"I47";"I47";"I47";"I48";"I48";"I48";"I48";"I48";"I49";"I49";"I49";"I49";"I49";"I51";"I51";"I51";"I51";"I51";"I52";"I52";"I52";"I52";"I52";"I56";"I56";"I56";"I56";"I56";"I58";"I58";"I58";"I58";"I58"
"Time";"Time";"Lat";"Lon";"PM1";"PM2.5";"PM10";"UFP";"Lat";"Lon";"PM1";"PM2.5";"PM10";"Lat";"Lon";"PM1";"PM2.5";"PM10";"Lat";"Lon";"PM1";"PM2.5";"PM10";"Lat";"Lon";"PM1";"PM2.5";"PM10";"Lat";"Lon";"PM1";"PM2.5";"PM10";"Lat";"Lon";"PM1";"PM2.5";"PM10";"Lat";"Lon";"PM1";"PM2.5";"PM10";"Lat";"Lon";"PM1";"PM2.5";"PM10";"Lat";"Lon";"PM1";"PM2.5";"PM10";"Lat";"Lon";"PM1";"PM2.5";"PM10";"Lat";"Lon";"PM1";"PM2.5";"PM10";"UFP";"Lat";"Lon";"PM1";"PM2.5";"PM10";"Lat";"Lon";"PM1";"PM2.5";"PM10";"Lat";"Lon";"PM1";"PM2.5";"PM10";"Lat";"Lon";"PM1";"PM2.5";"PM10";"Lat";"Lon";"PM1";"PM2.5";"PM10";"Lat";"Lon";"PM1";"PM2.5";"PM10";"Lat";"Lon";"PM1";"PM2.5";"PM10";"Lat";"Lon";"PM1";"PM2.5";"PM10";"UFP";"Lat";"Lon";"PM1";"PM2.5";"PM10";"Lat";"Lon";"PM1";"PM2.5";"PM10";"Lat";"Lon";"PM1";"PM2.5";"PM10";"Lat";"Lon";"PM1";"PM2.5";"PM10";"Lat";"Lon";"PM1";"PM2.5";"PM10";"Lat";"Lon";"PM1";"PM2.5";"PM10";"Lat";"Lon";"PM1";"PM2.5";"PM10";"Lat";"Lon";"PM1";"PM2.5";"PM10";"Lat";"Lon";"PM1";"PM2.5";"PM10";"Lat";"Lon";"PM1";"PM2.5";"PM10";"Lat";"Lon";"PM1";"PM2.5";"PM10";"Lat";"Lon";"PM1";"PM2.5";"PM10";"Lat";"Lon";"PM1";"PM2.5";"PM10";"Lat";"Lon";"PM1";"PM2.5";"PM10";"Lat";"Lon";"PM1";"PM2.5";"PM10";"Lat";"Lon";"PM1";"PM2.5";"PM10";"Lat";"Lon";"PM1";"PM2.5";"PM10";"Lat";"Lon";"PM1";"PM2.5";"PM10";"Lat";"Lon";"PM1";"PM2.5";"PM10";"Lat";"Lon";"PM1";"PM2.5";"PM10";"Lat";"Lon";"PM1";"PM2.5";"PM10";"Lat";"Lon";"PM1";"PM2.5";"PM10"
"UTC";"Local";"°";"°";"μg/m³";"μg/m³";"μg/m³";"counts/cm³
";"°";"°";"μg/m³";"μg/m³";"μg/m³";"°";"°";"μg/m³";"μg/m³";"μg/m³";"°";"°";"μg/m³";"μg/m³";"μg/m³";"°";"°";"μg/m³";"μg/m³";"μg/m³";"°";"°";"μg/m³";"μg/m³";"μg/m³";"°";"°";"μg/m³";"μg/m³";"μg/m³";"°";"°";"μg/m³";"μg/m³";"μg/m³";"°";"°";"μg/m³";"μg/m³";"μg/m³";"°";"°";"μg/m³";"μg/m³";"μg/m³";"°";"°";"μg/m³";"μg/m³";"μg/m³";"°";"°";"μg/m³";"μg/m³";"μg/m³";"counts/cm³
";"°";"°";"μg/m³";"μg/m³";"μg/m³";"°";"°";"μg/m³";"μg/m³";"μg/m³";"°";"°";"μg/m³";"μg/m³";"μg/m³";"°";"°";"μg/m³";"μg/m³";"μg/m³";"°";"°";"μg/m³";"μg/m³";"μg/m³";"°";"°";"μg/m³";"μg/m³";"μg/m³";"°";"°";"μg/m³";"μg/m³";"μg/m³";"°";"°";"μg/m³";"μg/m³";"μg/m³";"counts/cm³
";"°";"°";"μg/m³";"μg/m³";"μg/m³";"°";"°";"μg/m³";"μg/m³";"μg/m³";"°";"°";"μg/m³";"μg/m³";"μg/m³";"°";"°";"μg/m³";"μg/m³";"μg/m³";"°";"°";"μg/m³";"μg/m³";"μg/m³";"°";"°";"μg/m³";"μg/m³";"μg/m³";"°";"°";"μg/m³";"μg/m³";"μg/m³";"°";"°";"μg/m³";"μg/m³";"μg/m³";"°";"°";"μg/m³";"μg/m³";"μg/m³";"°";"°";"μg/m³";"μg/m³";"μg/m³";"°";"°";"μg/m³";"μg/m³";"μg/m³";"°";"°";"μg/m³";"μg/m³";"μg/m³";"°";"°";"μg/m³";"μg/m³";"μg/m³";"°";"°";"μg/m³";"μg/m³";"μg/m³";"°";"°";"μg/m³";"μg/m³";"μg/m³";"°";"°";"μg/m³";"μg/m³";"μg/m³";"°";"°";"μg/m³";"μg/m³";"μg/m³";"°";"°";"μg/m³";"μg/m³";"μg/m³";"°";"°";"μg/m³";"μg/m³";"μg/m³";"°";"°";"μg/m³";"μg/m³";"μg/m³";"°";"°";"μg/m³";"μg/m³";"μg/m³";"°";"°";"μg/m³";"μg/m³";"μg/m³"
2021-07-30 00:00:00;2021-07-30 02:00:00;51,4379;5,3581;5,48;6,98;12,41;11256;51,5108;5,3607;5,48;7,24;15,22;51,4915;5,4392;3,53;5,07;12,53;51,4025;5,3514;10,37;11,66;16,74;51,4568;5,4383;3,66;4,72;10,23;51,4465;5,4484;4,18;5,60;10,57;51,4422;5,4844;4,89;6,39;11,32;51,3706;5,1565;5,89;7,15;12,59;51,4454;5,4854;4,16;5,53;10,40;51,4415;5,4715;4,22;5,82;12,95;51,4815;5,5199;3,56;4,85;10,35;51,4681;5,3901;3,93;5,23;11,27;12035;51,3468;5,3887;6,14;7,18;13,67;51,4135;5,4707;4,05;5,20;9,80;51,5697;5,3113;4,88;6,07;12,69;51,4332;5,5198;3,77;5,12;12,15;51,4372;5,4233;4,68;6,19;12,45;51,4584;5,4050;5,60;7,18;12,87;51,4445;5,4787;4,19;5,61;11,05;51,4545;5,3888;4,41;6,13;11,58;11678;51,4491;5,4569;5,20;6,82;12,66;51,4354;5,4799;3,31;4,73;10,30;51,4375;5,4518;4,68;5,65;11,63;51,4797;5,4751;2,88;4,25;8,98;51,5295;5,4719;5,36;6,74;13,39;51,4387;5,4821;5,62;7,22;12,90;51,4686;5,4723;4,60;6,12;11,30;51,4390;5,4650;4,61;6,39;12,30;51,4527;5,4851;5,41;6,87;12,03;51,4320;5,6272;6,57;7,93;14,11;51,5923;5,7812;6,76;8,34;20,75;51,5305;5,2845;6,43;8,05;17,47;51,3565;5,6359;4,51;5,75;13,29;51,5835;5,5481;4,99;6,72;12,48;;;;;;;;;;;;;4,75;6,50;13,28;51,4735;5,6530;4,41;5,95;11,83;51,4693;5,6349;3,79;5,25;10,77;51,4777;5,6568;4,92;6,55;11,53;;;;;;;;;;
2021-07-31 00:00:00;2021-07-31 02:00:00;51,4379;5,3581;5,19;6,38;10,88;8950;51,5108;5,3607;4,54;5,86;12,12;51,4915;5,4392;3,20;4,49;10,39;51,4025;5,3514;10,00;11,18;16,46;51,4568;5,4383;3,15;3,97;8,87;51,4465;5,4484;4,00;5,14;9,21;51,4422;5,4844;4,43;5,66;9,75;51,3706;5,1565;5,02;6,07;10,72;51,4454;5,4854;3,99;5,06;9,23;51,4414;5,4714;3,66;4,83;8,91;51,4815;5,5200;3,25;4,30;9,28;51,4681;5,3901;3,70;4,83;9,88;8479;51,3468;5,3887;5,41;6,31;11,27;51,4135;5,4707;3,43;4,41;8,17;51,5697;5,3113;3,82;4,94;10,93;51,4332;5,5198;3,46;4,50;9,83;51,4372;5,4233;4,04;5,12;9,99;51,4584;5,4050;5,17;6,48;11,45;51,4446;5,4787;4,00;5,14;9,31;51,4545;5,3888;3,98;5,28;9,60;9608;51,4492;5,4569;5,12;6,36;10,57;51,4353;5,4800;3,18;4,38;8,67;51,4375;5,4518;4,44;5,20;9,96;51,4797;5,4751;2,40;3,51;7,43;51,5295;5,4719;5,03;6,16;11,49;51,4387;5,4822;5,34;6,62;11,05;51,4686;5,4723;4,38;5,67;10,23;51,4390;5,4650;4,14;5,46;9,65;51,4528;5,4850;5,38;6,57;10,48;51,4320;5,6272;5,84;6,98;11,96;51,5923;5,7813;6,49;7,76;16,92;51,5305;5,2845;5,59;6,98;14,62;51,3565;5,6357;3,50;4,42;10,30;51,5835;5,5480;3,83;5,19;10,31;;;;;;;;;;;;;3,85;5,22;10,49;51,4735;5,6530;3,65;4,81;9,12;51,4693;5,6349;2,98;4,03;8,04;51,4781;5,6567;3,31;4,47;8,10;;;;;;;;;;
2021-08-01 00:00:00;2021-08-01 02:00:00;51,4379;5,3581;10,85;12,41;16,62;8676;51,5108;5,3607;8,38;9,98;15,22;51,4915;5,4392;6,95;8,44;14,03;51,4025;5,3514;15,29;16,79;21,61;51,4567;5,4382;6,05;7,06;11,24;51,4464;5,4484;7,76;9,09;13,07;51,4422;5,4844;8,09;9,54;13,61;51,3706;5,1565;9,12;10,33;14,65;51,4454;5,4854;7,57;8,97;12,81;51,4415;5,4714;7,17;8,53;12,53;51,4815;5,5199;6,47;7,76;12,50;51,4681;5,3901;7,60;8,82;12,93;8581;51,3468;5,3887;9,73;10,84;15,53;51,4135;5,4706;7,50;8,68;12,39;51,5697;5,3113;9,85;11,51;16,47;51,4332;5,5197;6,52;7,73;13,13;51,4372;5,4233;7,69;9,16;14,10;51,4584;5,4050;10,19;11,84;16,21;51,4446;5,4788;8,10;9,54;13,65;51,4545;5,3888;8,31;9,84;13,93;10059;51,4492;5,4569;9,60;11,15;15,54;51,4354;5,4800;6,19;7,53;11,75;51,4375;5,4518;8,30;9,32;13,57;51,4797;5,4751;5,97;7,18;10,84;51,5295;5,4719;9,65;11,10;15,85;51,4386;5,4817;10,11;11,70;16,06;51,4686;5,4723;9,45;11,03;15,32;51,4390;5,4650;7,73;9,26;13,39;51,4528;5,4850;10,23;11,70;15,77;51,4320;5,6272;9,65;11,03;16,20;51,5923;5,7812;11,67;13,29;21,02;51,5305;5,2844;11,81;13,94;20,83;51,3565;5,6359;6,86;7,99;12,88;51,5835;5,5480;9,47;11,43;15,72;;;;;;;;;;;;;7,12;8,43;12,87;51,4735;5,6530;6,72;8,09;11,91;51,4692;5,6347;6,21;7,40;11,10;51,4779;5,6568;5,80;7,12;11,01;;;;;;;;;;
2021-08-02 00:00:00;2021-08-02 02:00:00;51,4379;5,3582;3,47;4,50;9,35;9574;51,5108;5,3607;3,19;4,24;9,84;51,4915;5,4392;2,41;3,54;9,92;51,4025;5,3514;8,87;9,98;15,09;51,4570;5,4384;2,19;2,91;7,71;51,4464;5,4485;3,29;4,47;8,96;51,4422;5,4844;3,47;4,77;9,54;51,3707;5,1565;5,10;6,02;10,72;51,4454;5,4854;2,91;4,09;8,70;51,4416;5,4714;3,24;4,53;8,99;51,4815;5,5199;2,15;3,06;7,84;51,4681;5,3901;2,35;3,45;8,86;8394;51,3468;5,3887;5,62;6,62;12,22;51,4135;5,4707;2,59;3,54;7,97;51,5697;5,3113;3,02;3,92;9,88;51,4332;5,5198;2,54;3,52;9,06;51,4372;5,4233;3,23;4,27;10,23;51,4583;5,4050;3,88;5,26;10,75;51,4444;5,4787;3,70;4,95;9,84;51,4545;5,3888;3,27;4,74;9,99;11997;51,4492;5,4569;3,85;5,22;10,19;51,4354;5,4801;2,67;4,01;8,87;51,4375;5,4518;3,55;4,34;9,41;51,4797;5,4751;1,80;2,83;7,02;51,5295;5,4719;4,01;5,13;11,07;51,4387;5,4821;4,65;6,00;10,76;51,4686;5,4723;3,22;4,39;9,16;51,4390;5,4650;3,72;5,19;10,13;51,4528;5,4850;4,03;5,31;9,93;51,4320;5,6272;4,93;6,02;11,96;51,5923;5,7812;5,21;6,48;13,56;51,5305;5,2844;4,08;5,10;11,78;51,3565;5,6358;3,34;4,23;9,39;51,5835;5,5480;2,65;3,81;8,73;;;;;;;;;;;;;3,81;5,37;11,33;51,4735;5,6530;3,50;4,76;9,23;51,4692;5,6347;2,66;3,84;8,20;51,4779;5,6568;3,08;4,43;9,40;;;;;;;;;;
2021-08-03 00:00:00;2021-08-03 02:00:00;51,4379;5,3581;13,49;14,82;19,09;15631;51,5108;5,3606;10,64;11,82;16,59;51,4915;5,4392;9,06;10,44;16,22;51,4025;5,3514;16,61;17,81;22,61;51,4570;5,4384;6,61;7,49;11,83;51,4465;5,4485;10,65;12,04;16,36;51,4422;5,4844;10,19;11,48;15,33;51,3707;5,1565;11,74;12,80;17,03;51,4454;5,4854;10,87;12,14;16,08;51,4416;5,4714;10,11;11,50;15,67;51,4815;5,5199;8,81;9,87;14,27;51,4681;5,3901;9,77;10,87;15,12;16350;51,3468;5,3886;12,44;13,43;17,89;51,4135;5,4706;9,15;10,19;13,89;51,5697;5,3113;9,94;10,99;16,27;51,4332;5,5197;7,83;8,86;13,46;51,4372;5,4233;8,76;9,89;14,79;51,4584;5,4050;13,48;15,13;19,62;51,4444;5,4787;11,45;12,79;16,95;51,4545;5,3888;10,72;12,25;16,64;17244;51,4491;5,4569;13,01;14,36;18,69;51,4354;5,4801;7,87;9,16;13,28;51,4375;5,4518;11,11;12,09;16,34;51,4797;5,4751;8,80;10,02;13,80;51,5295;5,4719;12,61;13,88;18,89;51,4389;5,4819;11,90;13,36;17,64;51,4686;5,4723;14,35;15,85;20,17;51,4390;5,4650;10,03;11,64;16,15;51,4527;5,4852;14,82;16,25;20,55;51,4320;5,6272;12,84;14,09;19,14;51,5923;5,7812;13,40;14,83;21,10;51,5305;5,2844;11,42;12,59;17,99;51,3565;5,6358;10,25;11,35;16,63;51,5835;5,5480;12,16;13,60;17,60;;;;;;;;;;;;;13,01;14,79;20,01;51,4735;5,6530;11,92;13,53;17,83;51,4692;5,6348;10,72;12,24;16,43;51,4775;5,6567;11,25;12,99;17,16;;;;;;;;;;
2021-08-04 00:00:00;2021-08-04 02:00:00;51,4379;5,3581;13,57;14,70;18,68;14220;51,5108;5,3606;9,61;10,53;14,79;51,4915;5,4392;8,63;9,64;14,70;51,4025;5,3514;17,42;18,52;23,08;51,4569;5,4383;7,59;8,36;12,19;51,4465;5,4483;10,81;11,97;15,91;51,4422;5,4844;10,83;11,91;15,53;51,3707;5,1565;13,70;14,75;19,14;51,4454;5,4854;11,48;12,58;16,28;51,4416;5,4713;10,17;11,33;15,14;51,4815;5,5199;8,39;9,19;13,11;51,4681;5,3901;9,24;10,20;14,76;14758;51,3468;5,3887;13,39;14,37;19,01;51,4136;5,4707;10,53;11,53;15,11;51,5696;5,3114;8,95;9,74;14,20;51,4332;5,5197;8,68;9,60;13,65;51,4372;5,4233;8,88;9,91;14,26;51,4585;5,4049;13,25;14,55;18,79;51,4444;5,4787;11,64;12,76;16,59;51,4545;5,3888;10,40;11,60;15,29;16509;51,4492;5,4569;13,54;14,70;18,74;51,4353;5,4800;8,31;9,36;13,42;51,4375;5,4518;11,04;11,90;15,95;51,4797;5,4751;8,24;9,20;12,88;51,5295;5,4719;11,18;12,09;16,57;51,4388;5,4821;12,87;14,19;18,28;51,4686;5,4723;13,54;14,78;18,61;51,4390;5,4650;10,24;11,47;15,67;51,4527;5,4852;14,98;16,17;20,12;51,4320;5,6272;13,55;14,66;19,32;51,5923;5,7812;10,61;11,59;17,46;51,5304;5,2845;11,51;12,48;17,39;51,3565;5,6357;8,42;9,32;15,49;51,5835;5,5480;10,15;11,24;14,91;;;;;;;;;;;;;12,09;13,59;18,23;51,4735;5,6530;11,92;13,27;17,15;51,4692;5,6349;10,69;11,88;15,62;51,4778;5,6568;11,21;12,61;16,45;;;;;;;;;;
2021-08-05 00:00:00;2021-08-05 02:00:00;51,4379;5,3581;14,05;15,14;18,66;13865;51,5108;5,3606;9,86;10,73;15,24;51,4915;5,4392;9,09;10,13;14,76;51,4025;5,3514;20,09;21,28;25,12;51,4569;5,4384;7,65;8,32;11,59;51,4466;5,4482;11,13;12,11;15,64;51,4422;5,4844;10,53;11,44;14,72;51,3707;5,1565;13,47;14,36;17,92;51,4454;5,4854;10,89;11,81;15,22;51,4415;5,4714;10,44;11,39;15,12;51,4815;5,5199;8,15;8,89;12,37;51,4681;5,3901;10,21;11,01;14,86;14911;51,3468;5,3887;13,55;14,50;18,37;51,4135;5,4706;11,21;12,23;15,60;51,5696;5,3114;10,26;10,97;14,93;51,4332;5,5197;8,80;9,58;13,52;51,4372;5,4233;9,49;10,40;14,21;51,4585;5,4050;13,68;14,91;18,52;51,4444;5,4787;11,21;12,26;15,79;51,4545;5,3888;11,92;12,93;16,60;16609;51,4491;5,4569;13,16;14,18;17,52;51,4352;5,4801;8,88;9,77;13,58;51,4375;5,4517;11,55;12,50;16,34;51,4797;5,4751;9,20;10,13;14,04;51,5295;5,4719;12,39;13,24;17,45;51,4385;5,4818;12,74;13,94;17,81;51,4686;5,4723;13,38;14,56;18,41;51,4390;5,4650;11,20;12,27;16,18;51,4527;5,4852;14,21;15,29;18,84;51,4320;5,6272;14,65;15,75;20,12;51,5923;5,7812;15,48;16,67;22,44;51,5305;5,2846;12,09;13,04;18,07;51,3564;5,6358;9,48;10,24;14,75;51,5835;5,5480;12,62;13,77;17,44;;;;;;;;;;;;;14,28;15,63;19,99;51,4735;5,6530;12,67;13,89;17,45;51,4693;5,6348;11,20;12,18;15,82;51,4777;5,6568;11,87;13,17;16,83;51,4165;5,1265;4,25;4,84;7,63;;;;;
2021-08-06 00:00:00;2021-08-06 02:00:00;51,4379;5,3581;2,29;2,98;6,73;8661;51,5108;5,3606;2,47;3,26;8,51;51,4915;5,4392;1,69;2,40;7,30;51,4025;5,3514;7,50;8,10;11,40;51,4566;5,4381;1,73;2,20;6,06;51,4465;5,4483;1,92;2,56;5,95;51,4422;5,4844;2,60;3,31;6,47;51,3707;5,1565;3,47;4,13;7,77;51,4454;5,4854;1,97;2,60;6,05;51,4415;5,4714;2,17;2,90;7,33;51,4815;5,5199;1,82;2,43;6,02;51,4681;5,3901;1,47;2,06;6,30;9408;51,3468;5,3887;3,83;4,44;8,25;51,4136;5,4707;1,79;2,40;5,71;51,5696;5,3114;2,82;3,55;8,19;51,4332;5,5198;1,82;2,43;6,28;51,4372;5,4233;3,03;3,83;7,51;51,4584;5,4050;2,78;3,57;7,28;51,4446;5,4788;2,09;2,79;6,43;51,4545;5,3888;1,97;2,65;6,34;8860;51,4491;5,4569;2,42;3,15;6,71;51,4353;5,4801;1,21;1,83;5,77;51,4375;5,4517;2,17;2,62;6,42;51,4798;5,4751;0,93;1,53;5,02;51,5295;5,4719;3,19;3,80;7,86;51,4383;5,4818;2,98;3,74;7,15;51,4686;5,4723;1,80;2,54;6,08;51,4390;5,4650;2,27;3,01;6,52;51,4528;5,4850;2,89;3,62;6,81;51,4320;5,6272;3,73;4,34;7,92;51,5923;5,7812;4,04;4,67;10,21;51,5304;5,2845;4,08;5,07;12,24;51,3564;5,6359;2,56;3,09;7,43;51,5835;5,5480;2,20;3,04;6,79;51,5092;5,3781;2,92;4,13;7,83;51,4769;5,2615;2,77;4,27;8,65;;;2,14;2,90;7,02;51,4735;5,6530;2,14;2,80;6,18;51,4692;5,6347;1,61;2,19;5,45;51,4775;5,6568;1,84;2,54;5,80;51,4165;5,1265;1,81;2,54;6,37;51,4904;5,3941;2,52;3,51;7,08
2021-08-07 00:00:00;2021-08-07 02:00:00;51,4379;5,3581;2,66;3,88;8,74;8731;51,5108;5,3606;3,00;4,36;9,81;51,4914;5,4392;2,03;3,27;9,31;51,4025;5,3514;7,69;8,79;13,30;51,4568;5,4383;1,93;2,75;8,05;51,4465;5,4484;2,08;3,12;7,59;51,4422;5,4844;2,47;3,50;7,62;51,3707;5,1565;3,85;4,78;9,61;51,4454;5,4854;1,97;2,99;6,96;51,4414;5,4714;2,28;3,39;7,72;51,4815;5,5199;2,00;2,96;7,51;51,4681;5,3901;1,81;2,86;8,33;11058;51,3468;5,3887;3,76;4,62;10,12;51,4137;5,4707;1,77;2,75;7,07;51,5696;5,3114;3,13;4,27;10,25;51,4332;5,5198;1,87;2,78;8,30;51,4372;5,4233;2,85;3,95;9,50;51,4584;5,4050;3,00;4,21;8,82;51,4448;5,4788;2,53;3,65;7,89;51,4545;5,3888;2,52;3,78;8,26;8154;51,4491;5,4569;2,65;3,81;8,34;51,4353;5,4802;1,54;2,61;7,47;51,4375;5,4517;2,33;3,07;8,26;51,4797;5,4751;1,55;2,60;6,60;51,5296;5,4719;3,56;4,67;9,81;51,4387;5,4819;3,21;4,38;8,91;51,4686;5,4723;2,25;3,37;7,99;51,4390;5,4650;2,69;3,90;8,26;51,4528;5,4850;3,26;4,42;8,54;51,4320;5,6272;3,80;4,80;10,03;51,5923;5,7812;4,35;5,52;13,59;51,5305;5,2846;4,31;5,80;14,52;51,3565;5,6358;2,79;3,63;9,58;51,5836;5,5480;2,42;3,74;8,37;51,5092;5,3781;2,73;3,95;8,06;51,4768;5,2616;2,50;3,71;8,08;;;2,18;3,24;8,07;51,4735;5,6530;2,27;3,32;7,93;51,4693;5,6347;2,39;3,42;7,33;51,4777;5,6568;1,72;2,76;6,81;51,4165;5,1265;2,01;3,07;7,31;51,4904;5,3941;2,53;3,66;7,58
2021-08-08 00:00:00;2021-08-08 02:00:00;51,4379;5,3582;4,45;6,75;13,26;6152;51,5108;5,3606;4,28;6,52;14,04;51,4914;5,4392;3,54;5,86;14,96;51,4025;5,3514;9,04;11,21;18,02;51,4567;5,4382;3,39;5,08;12,22;51,4464;5,4486;3,96;5,95;11,45;51,4422;5,4844;4,80;6,92;12,23;51,3707;5,1565;5,73;7,72;14,09;51,4454;5,4854;3,74;5,80;10,78;51,4416;5,4713;4,00;6,01;11,58;51,4815;5,5199;3,49;5,54;12,26;51,4681;5,3901;3,57;5,65;12,61;6665;51,3468;5,3887;5,67;7,49;14,68;51,4136;5,4707;3,55;5,40;10,19;51,5696;5,3114;4,60;6,58;15,31;51,4332;5,5198;3,77;5,73;13,04;51,4372;5,4233;4,87;7,14;14,54;51,4585;5,4050;4,94;7,32;13,50;51,4447;5,4788;4,11;6,25;12,00;51,4545;5,3888;4,18;6,54;12,21;6275;51,4491;5,4569;4,97;7,22;12,94;51,4352;5,4799;3,79;5,80;11,39;51,4375;5,4517;3,78;5,20;11,89;51,4797;5,4751;3,60;5,57;10,12;51,5295;5,4719;5,28;7,37;14,57;51,4383;5,4816;5,65;8,05;13,51;51,4686;5,4723;4,58;6,92;12,84;51,4390;5,4650;4,88;7,29;12,33;51,4528;5,4851;5,40;7,54;12,47;51,4320;5,6272;5,63;7,68;14,87;51,5923;5,7812;6,14;8,36;21,33;51,5304;5,2846;6,20;9,10;21,33;51,3565;5,6359;4,38;6,22;14,61;51,5836;5,5479;4,19;6,98;13,98;51,5092;5,3781;3,97;6,17;11,36;51,4769;5,2616;3,94;6,36;11,86;;;4,08;6,36;13,03;51,4735;5,6530;3,78;6,09;12,51;51,4693;5,6347;4,00;6,06;10,88;51,4775;5,6567;3,41;5,50;10,27;51,4165;5,1265;3,87;5,96;12,39;51,4903;5,3940;4,46;6,65;11,96
2021-08-09 00:00:00;2021-08-09 02:00:00;51,4379;5,3581;4,09;5,44;10,12;8438;51,5108;5,3606;4,25;5,58;11,65;51,4914;5,4392;2,94;4,29;10,50;51,4025;5,3514;8,98;10,25;14,91;51,4566;5,4382;2,93;3,89;8,63;51,4464;5,4483;3,51;4,74;8,89;51,4422;5,4844;3,72;4,94;8,92;51,3706;5,1564;5,43;6,51;11,11;51,4454;5,4854;3,22;4,38;8,40;51,4416;5,4714;3,61;4,90;9,50;51,4815;5,5199;2,94;4,06;8,99;51,4681;5,3901;2,93;4,03;8,64;10923;51,3468;5,3887;5,33;6,32;11,31;51,4136;5,4707;3,06;4,11;8,08;51,5696;5,3113;3,97;5,13;10,68;51,4332;5,5198;2,96;4,05;9,28;51,4372;5,4233;4,12;5,46;11,01;51,4585;5,4050;4,59;6,02;10,80;51,4447;5,4788;3,62;4,89;9,35;51,4545;5,3888;3,72;5,10;9,45;10055;51,4492;5,4570;4,21;5,53;9,88;51,4351;5,4798;2,71;3,92;8,41;51,4375;5,4517;3,58;4,45;9,55;51,4797;5,4751;2,65;3,82;7,68;51,5295;5,4718;4,60;5,84;11,12;51,4383;5,4816;4,40;5,71;10,18;51,4686;5,4723;3,58;4,87;9,19;51,4390;5,4650;3,94;5,31;9,52;51,4528;5,4851;4,36;5,62;9,66;51,4320;5,6272;5,21;6,41;11,68;51,5923;5,7812;5,42;6,78;15,79;51,5305;5,2846;5,37;7,02;16,76;51,3565;5,6360;3,81;4,88;10,23;51,5835;5,5480;3,78;5,42;10,54;51,5092;5,3781;3,72;5,06;9,01;51,4768;5,2616;3,31;4,80;9,10;;;3,57;4,93;9,90;51,4735;5,6530;3,36;4,60;8,99;51,4693;5,6348;3,50;4,63;8,50;51,4777;5,6567;2,85;4,06;8,23;51,4165;5,1265;3,19;4,40;8,57;51,4903;5,3940;3,73;5,06;9,24
2021-08-10 00:00:00;2021-08-10 02:00:00;51,4379;5,3581;5,86;6,83;10,12;9335;51,5108;5,3606;5,39;6,38;11,33;51,4914;5,4391;3,95;4,89;9,36;51,4025;5,3514;10,67;11,63;15,15;51,4566;5,4382;3,97;4,66;8,13;51,4464;5,4483;5,34;6,21;9,28;51,4421;5,4845;5,57;6,45;9,78;51,3706;5,1564;6,34;7,08;10,19;51,4454;5,4854;4,97;5,88;8,95;51,4416;5,4714;5,12;6,15;10,04;51,4815;5,5199;3,70;4,52;8,19;51,4681;5,3901;4,32;5,07;8,76;10275;51,3468;5,3888;6,67;7,39;11,08;51,4136;5,4707;4,92;5,67;8,67;51,5696;5,3114;5,04;5,81;10,46;51,4333;5,5199;4,31;5,12;8,95;51,4372;5,4233;5,54;6,55;10,55;51,4585;5,4049;6,20;7,23;10,72;51,4447;5,4788;5,54;6,51;10,00;51,4545;5,3888;5,07;5,97;9,24;11431;51,4492;5,4569;6,66;7,62;10,98;51,4352;5,4797;3,88;4,71;8,07;51,4375;5,4517;5,65;6,45;10,72;51,4797;5,4751;3,59;4,38;7,52;51,5295;5,4719;5,75;6,60;10,76;51,4385;5,4816;6,96;8,09;11,43;51,4686;5,4723;5,77;6,79;10,12;51,4390;5,4650;5,36;6,31;9,66;51,4528;5,4851;6,81;7,80;11,08;51,4320;5,6272;6,52;7,34;11,00;51,5923;5,7812;6,82;7,77;14,26;51,5304;5,2845;6,44;7,48;12,85;51,3565;5,6359;5,05;5,74;9,38;51,5835;5,5480;4,84;5,87;9,37;51,5092;5,3781;5,13;6,13;9,19;51,4768;5,2616;4,25;5,20;8,33;;;5,26;6,15;9,59;51,4735;5,6530;4,83;5,76;9,01;51,4693;5,6349;4,83;5,65;8,51;51,4778;5,6576;4,06;5,02;8,38;51,4165;5,1266;3,65;4,36;7,54;51,4903;5,3940;4,66;5,50;8,50
2021-08-11 00:00:00;2021-08-11 02:00:00;51,4379;5,3581;10,21;11,33;14,36;12431;51,5108;5,3606;7,08;7,97;12,58;51,4914;5,4392;6,76;7,71;11,56;51,4025;5,3514;15,68;16,79;20,21;51,4569;5,4383;7,16;8,00;11,12;51,4464;5,4479;10,32;11,46;14,25;51,4422;5,4844;10,41;11,37;14,34;51,3706;5,1565;9,37;10,17;13,34;51,4454;5,4854;9,71;10,84;13,73;51,4415;5,4714;9,78;10,82;14,00;51,4815;5,5199;5,57;6,28;9,48;51,4681;5,3901;7,18;7,99;11,14;14905;51,3468;5,3887;10,89;11,81;15,15;51,4136;5,4707;10,08;11,16;14,01;51,5696;5,3114;5,72;6,34;10,00;51,4332;5,5197;8,30;9,36;12,93;51,4372;5,4233;8,77;9,88;13,44;51,4584;5,4049;10,50;11,79;15,06;51,4444;5,4787;10,78;12,05;14,98;51,4546;5,3887;8,72;9,73;12,97;13284;51,4491;5,4569;11,69;12,82;16,06;51,4351;5,4798;8,67;9,64;12,69;51,4375;5,4517;10,29;11,48;14,83;51,4797;5,4751;7,86;8,63;11,28;51,5295;5,4719;9,50;10,42;14,18;51,4387;5,4821;12,43;13,79;16,88;51,4686;5,4723;12,13;13,59;16,61;51,4390;5,4650;10,08;11,12;14,25;51,4528;5,4851;12,91;14,11;16,98;51,4320;5,6272;9,69;10,65;13,59;51,5923;5,7812;10,15;11,18;15,82;51,5305;5,2845;8,18;9,19;13,44;51,3565;5,6360;7,77;8,69;11,86;51,5835;5,5480;8,02;9,21;12,32;51,5092;5,3781;7,76;8,82;11,63;51,4768;5,2616;5,55;6,42;9,26;;;9,65;10,65;13,27;51,4735;5,6531;8,34;9,45;12,28;51,4693;5,6348;9,21;10,22;12,93;51,4776;5,6569;8,42;9,71;12,50;51,4165;5,1266;6,28;6,96;9,85;51,4904;5,3941;7,74;8,84;12,21
2021-08-12 00:00:00;2021-08-12 02:00:00;51,4379;5,3581;12,15;13,53;17,28;15645;51,5107;5,3606;9,84;11,11;17,59;51,4914;5,4392;7,39;8,42;13,50;51,4025;5,3514;17,09;18,30;22,67;51,4570;5,4384;7,56;8,44;11,94;51,4465;5,4484;9,64;10,83;14,66;51,4423;5,4844;9,51;10,53;13,92;51,3706;5,1565;12,90;13,92;17,83;51,4454;5,4854;9,30;10,38;13,68;51,4414;5,4713;9,65;10,86;14,64;51,4815;5,5199;6,21;7,04;10,47;51,4681;5,3901;8,74;9,79;14,35;18045;51,3468;5,3887;11,19;12,08;16,19;51,4136;5,4707;10,18;11,25;14,56;51,5695;5,3114;7,77;8,56;13,24;51,4332;5,5197;7,87;8,92;13,14;51,4372;5,4233;8,38;9,55;13,68;51,4584;5,4049;11,59;13,02;17,15;51,4444;5,4787;10,08;11,34;14,92;51,4546;5,3887;9,99;11,19;14,88;18445;51,4491;5,4569;11,59;12,85;16,76;51,4351;5,4798;8,20;9,24;13,09;51,4375;5,4517;10,08;11,13;14,91;51,4797;5,4751;7,14;8,03;11,21;51,5295;5,4718;10,14;11,10;15,24;51,4388;5,4817;11,61;12,98;16,87;51,4686;5,4723;10,91;12,23;15,97;51,4390;5,4650;9,90;11,12;14,99;51,4528;5,4851;12,08;13,34;16,84;51,4320;5,6272;11,13;12,20;16,02;51,5923;5,7813;12,63;13,91;20,48;51,5305;5,2845;10,48;11,69;17,36;51,3564;5,6360;8,55;9,40;13,62;51,5835;5,5480;9,56;10,84;14,54;51,5092;5,3781;9,84;11,32;14,83;51,4769;5,2616;8,05;9,12;12,54;;;11,08;12,42;16,43;51,4736;5,6531;10,41;11,85;15,53;51,4692;5,6348;10,32;11,58;15,11;51,4777;5,6568;9,49;11,09;14,71;51,4165;5,1265;8,61;9,47;12,96;51,4904;5,3941;8,95;10,05;13,43
2021-08-13 00:00:00;2021-08-13 02:00:00;51,4379;5,3581;14,82;17,37;23,38;17802;51,5107;5,3606;10,35;12,59;20,41;51,4914;5,4392;9,75;12,04;19,86;51,4025;5,3514;19,47;21,96;28,71;51,4570;5,4384;9,01;10,70;16,77;51,4465;5,4483;11,84;13,96;19,14;51,4423;5,4844;12,84;15,13;20,83;51,3706;5,1565;14,20;16,25;22,51;51,4454;5,4854;12,04;14,36;19,67;51,4414;5,4713;12,13;14,50;20,05;51,4815;5,5199;7,84;9,49;15,09;51,4681;5,3901;11,35;13,34;19,40;17081;51,3468;5,3887;14,28;16,27;22,59;51,4136;5,4707;12,06;14,10;19,02;51,5695;5,3114;9,05;10,74;18,28;51,4332;5,5198;9,76;11,80;18,62;51,4372;5,4233;10,48;12,67;19,48;51,4584;5,4050;14,33;16,91;23,21;51,4444;5,4787;12,90;15,42;21,40;51,4546;5,3887;13,34;15,84;21,99;20119;51,4492;5,4569;16,19;18,94;25,57;51,4351;5,4798;11,43;13,67;19,41;51,4375;5,4517;11,31;13,11;19,49;51,4797;5,4751;9,82;11,69;16,65;51,5295;5,4718;12,54;14,62;21,44;51,4388;5,4819;15,15;17,90;24,21;51,4686;5,4723;14,04;16,52;22,21;51,4390;5,4650;13,23;15,72;21,40;51,4528;5,4851;15,11;17,62;23,56;51,4320;5,6272;13,58;15,54;21,01;51,5923;5,7812;13,17;15,30;24,51;51,5304;5,2846;11,43;13,58;21,71;51,3564;5,6360;9,46;10,71;15,97;51,5835;5,5480;10,22;12,66;18,47;51,5092;5,3781;11,43;14,12;19,81;51,4769;5,2616;10,02;12,43;17,66;;;11,87;14,01;19,76;51,4736;5,6531;10,72;12,93;17,85;51,4692;5,6348;11,43;13,39;17,97;51,4773;5,6567;10,33;12,73;18,09;51,4165;5,1265;11,86;13,87;18,98;51,4903;5,3941;11,13;13,25;18,52
2021-08-14 00:00:00;2021-08-14 02:00:00;51,4379;5,3581;14,21;18,12;25,97;14233;51,5109;5,3607;11,14;14,99;24,51;51,4914;5,4392;9,94;13,67;24,81;51,4025;5,3514;18,00;21,62;31,26;51,4569;5,4384;9,47;12,30;20,52;51,4465;5,4483;11,65;14,88;21,08;51,4423;5,4844;11,67;15,18;22,23;51,3706;5,1565;13,73;16,96;25,59;51,4454;5,4854;11,21;14,55;21,22;51,4414;5,4714;11,23;14,68;21,15;51,4815;5,5199;8,25;11,16;19,52;51,4681;5,3901;11,65;15,00;22,75;15796;51,3468;5,3887;13,18;16,10;26,49;51,4136;5,4707;11,35;14,47;20,78;51,5695;5,3114;10,96;14,18;22,84;51,4331;5,5197;9,40;12,51;22,97;51,4372;5,4233;10,02;13,39;23,57;51,4584;5,4050;13,84;17,76;25,62;51,4445;5,4787;11,71;15,36;23,01;51,4546;5,3887;13,18;17,34;24,57;17708;51,4491;5,4569;14,40;18,34;26,10;51,4351;5,4798;11,00;14,32;21,43;51,4375;5,4517;10,73;13,26;22,16;51,4797;5,4751;10,72;13,89;19,42;51,5295;5,4718;13,75;17,35;26,60;51,4374;5,4624;14,17;18,25;26,09;51,4686;5,4723;13,98;17,97;25,68;51,4390;5,4650;12,95;16,91;23,73;51,4528;5,4851;14,09;17,72;24,70;51,4320;5,6272;13,76;16,99;26,12;51,5923;5,7812;13,27;16,94;34,22;51,5304;5,2846;13,73;18,30;31,52;51,3564;5,6359;10,30;12,93;22,72;51,5835;5,5480;10,92;15,25;23,53;51,5092;5,3781;11,40;15,63;21,98;51,4769;5,2616;11,99;16,63;23,49;;;10,93;14,37;22,18;51,4736;5,6531;9,92;13,37;20,49;51,4692;5,6348;10,92;14,15;20,50;51,4775;5,6567;9,34;12,94;20,16;51,4165;5,1265;11,55;14,85;21,19;51,4903;5,3940;12,03;15,39;21,64
2021-08-15 00:00:00;2021-08-15 02:00:00;51,4379;5,3582;11,50;13,81;19,05;17471;51,5108;5,3606;7,87;9,76;17,25;51,4914;5,4391;7,02;8,88;16,09;51,4025;5,3514;15,81;17,80;23,44;51,4566;5,4381;6,72;8,15;13,20;51,4464;5,4483;8,68;10,43;14,95;51,4423;5,4844;9,07;10,96;15,99;51,3706;5,1565;12,16;13,95;19,09;51,4454;5,4854;8,35;10,13;14,58;51,4415;5,4714;8,52;10,37;15,21;51,4815;5,5199;6,43;7,97;12,93;51,4681;5,3901;8,47;10,25;16,26;17037;51,3468;5,3887;11,35;13,04;18,96;51,4136;5,4707;8,70;10,39;14,66;51,5696;5,3113;7,43;8,84;15,35;51,4331;5,5197;7,57;9,38;15,83;51,4372;5,4233;7,94;9,86;16,13;51,4584;5,4050;10,59;12,85;17,70;51,4446;5,4787;8,74;10,69;15,63;51,4546;5,3887;9,48;11,62;16,35;16773;51,4492;5,4569;10,72;12,74;17,60;51,4351;5,4798;7,88;9,66;14,84;51,4373;5,4513;8,39;9,84;14,93;51,4797;5,4751;7,02;8,54;12,62;51,5295;5,4719;9,18;10,82;16,73;51,4388;5,4819;10,92;13,19;18,36;51,4686;5,4723;9,54;11,58;16,60;51,4390;5,4650;9,31;11,22;16,19;51,4528;5,4851;10,41;12,37;16,97;51,4320;5,6272;11,71;13,64;19,31;51,5923;5,7812;11,21;13,24;23,65;51,5305;5,2846;9,29;11,20;19,20;51,3565;5,6357;8,98;10,59;17,36;51,5836;5,5480;7,94;9,98;15,07;51,5092;5,3781;8,27;10,38;14,50;51,4768;5,2616;7,72;9,91;14,37;;;9,90;11,87;17,68;51,4735;5,6530;8,76;10,82;15,44;51,4692;5,6348;9,18;11,01;15,19;51,4778;5,6567;7,73;9,74;14,36;51,4165;5,1265;7,70;9,26;13,81;51,4903;5,3941;8,28;10,09;14,45
2021-08-16 00:00:00;2021-08-16 02:00:00;51,4379;5,3581;8,79;11,73;18,97;7390;51,5108;5,3607;7,00;9,49;17,31;51,4914;5,4391;6,04;8,82;18,26;51,4025;5,3514;12,98;15,81;23,89;51,4566;5,4382;5,80;7,81;15,22;51,4464;5,4484;7,27;9,63;14,88;51,4423;5,4844;7,49;10,09;16,21;51,3706;5,1565;9,64;12,01;19,57;51,4454;5,4854;6,77;9,32;14,92;51,4413;5,4714;6,93;9,48;15,47;51,4815;5,5199;5,76;8,10;16,48;51,4681;5,3901;7,05;9,52;16,33;6400;51,3468;5,3887;9,42;11,67;19,56;51,4136;5,4707;6,86;9,22;14,93;51,5696;5,3113;7,19;9,60;18,87;51,4333;5,5198;6,35;8,77;18,09;51,4372;5,4233;6,75;9,16;17,61;51,4584;5,4050;9,02;11,88;19,26;51,4446;5,4787;7,31;9,88;15,95;51,4546;5,3887;8,23;11,18;17,02;8861;51,4492;5,4569;9,47;12,29;18,28;51,4354;5,4800;6,69;9,18;15,09;51,4374;5,4515;7,09;8,87;16,37;51,4797;5,4751;6,19;8,66;14,05;51,5295;5,4719;8,39;10,93;19,06;51,4387;5,4815;9,17;12,05;18,43;51,4686;5,4723;8,46;11,24;17,78;51,4390;5,4650;8,07;10,99;16,88;51,4527;5,4851;9,10;11,80;17,56;51,4320;5,6272;9,26;12,04;21,29;51,5923;5,7812;9,41;12,30;28,52;51,5304;5,2846;8,93;11,85;23,51;51,3564;5,6360;6,92;9,17;18,40;51,5836;5,5481;6,34;9,14;17,19;51,5092;5,3781;7,14;9,73;15,29;51,4769;5,2616;7,48;10,81;16,63;;;7,46;10,54;18,42;51,4735;5,6530;6,32;9,02;15,62;51,4692;5,6349;6,35;8,79;14,49;51,4777;5,6567;5,57;8,12;14,19;51,4165;5,1264;7,46;9,87;16,10;51,4903;5,3941;7,34;10,00;15,85
2021-08-17 00:00:00;2021-08-17 02:00:00;51,4379;5,3581;17,69;22,47;26,79;12057;51,5108;5,3606;13,34;16,19;22,44;51,4914;5,4391;12,28;15,48;21,15;51,4025;5,3514;21,08;25,89;31,09;51,4568;5,4383;11,92;14,75;19,24;51,4465;5,4482;15,56;18,57;22,77;51,4422;5,4846;16,19;19,06;23,51;51,3706;5,1565;16,80;19,96;24,72;51,4454;5,4854;14,34;17,85;21,80;51,4414;5,4714;15,18;18,24;22,56;51,4815;5,5199;12,19;15,31;19,86;51,4681;5,3901;15,09;18,45;22,80;11509;51,3468;5,3887;17,40;20,79;25,73;51,4136;5,4707;14,80;18,27;22,17;51,5696;5,3114;13,33;15,92;21,29;51,4332;5,5198;13,48;16,79;21,92;51,4372;5,4233;13,52;17,04;21,77;51,4585;5,4050;17,55;21,99;26,46;51,4446;5,4787;15,42;19,08;23,29;51,4546;5,3887;17,32;20,51;24,86;15429;51,4491;5,4569;18,49;21,95;26,56;51,4354;5,4800;16,14;18,75;23,30;51,4373;5,4513;13,43;16,67;21,28;51,4797;5,4751;15,73;18,03;22,20;51,5295;5,4719;15,32;18,05;22,79;51,4385;5,4816;19,64;23,77;28,56;51,4686;5,4723;17,99;22,19;26,72;51,4390;5,4650;18,10;21,17;25,68;51,4527;5,4851;19,08;22,60;27,21;51,4320;5,6272;17,45;21,65;26,65;51,5923;5,7812;16,07;20,23;29,44;51,5304;5,2845;15,72;19,56;25,53;51,3564;5,6360;14,27;17,14;22,57;51,5836;5,5481;11,91;15,61;19,74;51,5092;5,3781;13,04;17,26;20,93;51,4769;5,2616;13,35;16,68;20,77;;;16,12;19,64;24,56;51,4735;5,6530;12,73;16,72;20,56;51,4692;5,6348;13,58;16,75;20,65;51,4776;5,6567;11,93;15,76;19,93;51,4165;5,1265;14,92;17,81;22,07;51,4904;5,3941;15,35;18,42;22,70
2021-08-18 00:00:00;2021-08-18 02:00:00;51,4379;5,3581;14,14;15,27;19,09;11225;51,5107;5,3606;8,32;9,34;14,59;51,4914;5,4391;7,55;8,53;13,28;51,4025;5,3514;19,14;20,24;24,44;51,4568;5,4383;7,45;8,05;11,68;51,4465;5,4482;9,93;10,81;14,05;51,4422;5,4845;10,65;11,58;15,12;51,3706;5,1565;13,17;14,11;17,90;51,4454;5,4854;10,17;11,12;14,47;51,4415;5,4714;9,75;10,67;14,18;51,4815;5,5199;7,40;8,23;12,00;51,4681;5,3901;9,71;10,58;14,43;10340;51,3468;5,3887;14,84;15,69;19,70;51,4136;5,4707;11,12;11,97;15,08;51,5696;5,3114;7,36;8,18;12,51;51,4332;5,5197;9,07;9,99;14,19;51,4372;5,4233;10,07;11,28;15,29;51,4585;5,4050;12,69;13,79;17,59;51,4446;5,4787;10,79;11,77;15,22;51,4546;5,3887;10,17;11,16;14,59;10483;51,4492;5,4569;12,90;13,86;17,50;51,4355;5,4801;7,69;8,54;12,09;51,4373;5,4512;11,29;12,04;15,66;51,4797;5,4751;6,79;7,59;10,84;51,5295;5,4719;9,48;10,31;14,43;51,4386;5,4820;12,42;13,53;17,01;51,4686;5,4723;11,81;12,91;16,53;51,4390;5,4650;9,78;10,74;14,38;51,4527;5,4851;13,37;14,43;18,04;51,4320;5,6272;12,99;13,93;17,99;51,5923;5,7812;12,13;13,17;19,61;51,5304;5,2845;9,85;10,88;16,05;51,3564;5,6360;9,61;10,36;14,85;51,5835;5,5480;8,23;9,28;12,88;51,5092;5,3781;9,47;10,48;13,76;51,4769;5,2616;7,67;8,85;12,32;;;10,04;11,00;14,79;51,4735;5,6531;9,05;9,98;13,42;51,4692;5,6347;8,21;9,04;12,15;51,4774;5,6568;7,57;8,50;12,00;51,4165;5,1264;9,31;10,26;13,88;51,4904;5,3941;8,21;9,09;12,42
2021-08-19 00:00:00;2021-08-19 02:00:00;51,4379;5,3581;12,94;15,01;20,20;9288;51,5107;5,3606;10,94;13,03;19,95;51,4914;5,4391;9,21;11,46;18,83;51,4025;5,3514;16,58;18,51;24,42;51,4569;5,4383;7,98;9,37;14,80;51,4465;5,4482;10,34;12,17;16,88;51,4421;5,4845;10,82;12,87;18,05;51,3706;5,1565;9,57;11,10;16,52;51,4454;5,4854;10,13;12,04;16,52;51,4414;5,4714;11,33;13,37;18,16;51,4815;5,5199;8,19;9,96;16,11;51,4681;5,3901;10,44;12,30;17,71;10314;51,3468;5,3887;9,66;11,04;16,98;51,4136;5,4707;8,89;10,51;14,92;51,5696;5,3114;11,21;13,09;20,01;51,4332;5,5198;8,29;10,09;17,26;51,4372;5,4233;9,41;11,27;17,53;51,4585;5,4050;12,86;15,05;20,78;51,4445;5,4787;10,93;12,97;18,14;51,4546;5,3887;10,97;13,10;17,89;10949;51,4492;5,4569;13,24;15,45;20,71;51,4354;5,4800;8,66;10,62;15,71;51,4373;5,4512;10,58;11,96;17,68;51,4797;5,4751;8,33;10,16;14,65;51,5295;5,4718;13,01;14,98;21,11;51,4384;5,4817;12,94;15,28;20,72;51,4686;5,4723;12,83;14,99;20,25;51,4390;5,4650;10,49;12,68;17,55;51,4527;5,4851;13,54;15,55;20,55;51,4320;5,6272;11,08;12,95;19,50;51,5923;5,7813;17,85;20,23;32,39;51,5305;5,2846;13,60;15,88;25,07;51,3565;5,6359;7,49;8,94;15,46;51,5835;5,5480;12,88;15,29;20,66;51,5092;5,3781;12,19;14,42;18,90;51,4769;5,2616;9,53;11,94;16,69;;;10,51;12,55;18,40;51,4735;5,6530;9,34;11,35;16,29;51,4692;5,6347;8,82;10,71;15,05;51,4777;5,6568;8,69;10,76;16,00;51,4165;5,1264;9,17;10,99;16,05;51,4904;5,3941;10,31;12,33;17,12
2021-08-20 00:00:00;2021-08-20 02:00:00;51,4379;5,3582;9,07;10,10;13,67;8509;51,5107;5,3606;8,36;9,48;14,29;51,4914;5,4391;6,52;7,60;12,83;51,4025;5,3514;14,28;15,25;19,30;51,4567;5,4382;5,33;6,02;9,64;51,4465;5,4482;7,68;8,81;12,06;51,4421;5,4845;8,19;9,25;12,85;51,3706;5,1565;8,93;9,85;13,70;51,4454;5,4854;7,79;8,83;12,20;51,4415;5,4714;9,73;10,95;14,63;51,4815;5,5199;5,38;6,14;9,83;51,4681;5,3901;7,21;8,08;11,66;9865;51,3468;5,3887;7,82;8,55;12,39;51,4136;5,4707;6,93;7,84;11,10;51,5696;5,3113;7,89;8,67;13,00;51,4331;5,5197;6,84;7,89;12,13;51,4371;5,4233;7,53;8,68;12,98;51,4585;5,4050;9,65;10,89;15,00;51,4444;5,4787;8,43;9,66;13,37;51,4546;5,3887;7,68;8,80;12,44;10818;51,4492;5,4569;9,85;11,11;14,92;51,4353;5,4801;6,65;7,78;11,56;51,4373;5,4513;8,82;9,75;13,61;51,4797;5,4751;5,55;6,50;9,90;51,5295;5,4719;9,49;10,52;14,74;51,4386;5,4820;10,14;11,49;15,25;51,4686;5,4723;9,32;10,53;14,11;51,4390;5,4650;8,02;9,28;12,98;51,4528;5,4851;10,48;11,67;15,25;51,4320;5,6272;8,16;9,06;12,85;51,5923;5,7812;12,32;13,44;19,31;51,5306;5,2846;11,10;12,22;18,17;51,3566;5,6357;5,59;6,30;10,49;51,5835;5,5481;9,86;11,03;14,68;51,5092;5,3781;9,12;10,34;13,71;51,4768;5,2616;6,96;8,10;11,46;;;7,17;8,20;11,97;51,4735;5,6531;7,38;8,54;11,90;51,4692;5,6349;6,72;7,84;11,02;51,4777;5,6567;6,46;7,63;11,10;51,4165;5,1264;5,67;6,52;9,98;51,4904;5,3941;7,46;8,51;12,02
2021-08-21 00:00:00;2021-08-21 02:00:00;51,4379;5,3582;7,63;8,45;11,64;12428;51,5107;5,3606;6,06;6,76;10,34;51,4914;5,4391;5,53;6,29;10,17;51,4025;5,3514;13,13;13,88;17,35;51,4570;5,4383;5,88;6,53;9,78;51,4465;5,4481;7,52;8,36;11,58;51,4421;5,4845;7,72;8,46;11,51;51,3706;5,1565;9,39;10,12;13,31;51,4454;5,4854;7,70;8,60;11,70;51,4415;5,4713;10,21;11,12;14,35;51,4815;5,5199;4,62;5,16;8,28;51,4681;5,3901;6,27;6,90;10,32;13881;51,3468;5,3887;8,48;9,08;12,40;51,4136;5,4707;6,44;7,14;10,34;51,5696;5,3114;6,05;6,65;10,86;51,4331;5,5197;5,48;6,11;9,69;51,4372;5,4233;6,80;7,59;11,23;51,4584;5,4050;9,18;10,22;13,61;51,4444;5,4787;8,42;9,38;12,68;51,4546;5,3887;7,52;8,41;11,64;12690;51,4492;5,4569;9,69;10,66;14,11;51,4353;5,4801;6,25;7,06;10,62;51,4373;5,4513;8,02;8,81;12,28;51,4797;5,4751;5,82;6,56;9,73;51,5295;5,4718;8,28;9,00;12,80;51,4386;5,4816;9,26;10,24;13,76;51,4686;5,4723;8,80;9,81;13,10;51,4390;5,4650;7,96;8,80;12,01;51,4528;5,4851;9,57;10,61;14,07;51,4320;5,6272;7,40;8,03;11,44;51,5923;5,7812;10,89;11,74;17,03;51,5305;5,2846;8,05;8,93;13,16;51,3565;5,6358;5,91;6,48;10,76;51,5835;5,5481;7,86;8,87;12,16;51,5092;5,3781;6,97;7,97;11,00;51,4768;5,2616;5,08;5,74;8,55;;;8,45;9,53;13,79;51,4735;5,6531;8,23;9,32;12,60;51,4693;5,6347;7,62;8,53;11,89;51,4776;5,6567;7,77;8,90;12,33;51,4165;5,1264;5,44;6,01;8,89;51,4904;5,3941;6,29;7,04;10,01
2021-08-22 00:00:00;2021-08-22 02:00:00;51,4379;5,3582;12,42;14,28;18,32;8912;51,5108;5,3606;9,86;11,28;15,71;51,4914;5,4391;8,56;9,99;15,24;51,4025;5,3514;16,32;18,03;22,65;51,4568;5,4383;7,56;8,53;12,37;51,4465;5,4483;9,53;10,77;14,01;51,4421;5,4845;10,21;11,48;15,17;51,3706;5,1565;11,10;12,41;16,85;51,4454;5,4854;9,35;10,69;14,12;51,4414;5,4713;28,97;30,39;33,60;51,4815;5,5199;7,70;8,93;12,98;51,4681;5,3901;10,07;11,43;15,78;10067;51,3468;5,3887;11,28;12,51;17,24;51,4136;5,4707;9,17;10,45;13,89;51,5696;5,3114;10,10;11,39;16,46;51,4332;5,5197;7,94;9,12;13,57;51,4371;5,4233;8,81;10,23;14,71;51,4585;5,4049;12,28;14,03;17,93;51,4444;5,4787;9,91;11,34;15,02;51,4546;5,3887;10,75;12,23;15,87;9460;51,4491;5,4569;12,50;13,96;17,74;51,4352;5,4800;8,74;9,92;13,94;51,4373;5,4513;9,19;10,37;14,40;51,4797;5,4751;8,51;9,60;12,78;51,5295;5,4718;11,54;12,80;17,13;51,4388;5,4820;11,99;13,64;17,49;51,4686;5,4723;12,14;13,75;17,74;51,4389;5,4650;10,20;11,56;15,31;51,4527;5,4852;12,72;14,20;17,82;51,4320;5,6272;11,75;13,26;17,79;51,5923;5,7812;12,85;14,89;21,07;51,5304;5,2846;12,37;14,20;20,83;51,3564;5,6360;8,02;9,07;13,73;51,5835;5,5481;10,09;12,01;15,64;51,5092;5,3781;10,41;12,38;15,79;51,4768;5,2616;9,48;11,16;14,90;;;9,71;11,07;15,05;51,4735;5,6530;8,22;9,62;13,11;51,4693;5,6349;8,09;9,30;12,66;51,4776;5,6568;7,25;8,68;12,16;51,4164;5,1265;10,10;11,43;15,44;51,4904;5,3941;10,15;11,48;14,86
2021-08-23 00:00:00;2021-08-23 02:00:00;51,4379;5,3581;12,66;14,19;17,91;12666;51,5107;5,3606;8,68;9,74;14,04;51,4914;5,4391;8,03;9,25;14,67;51,4025;5,3514;17,34;18,89;23,51;51,4569;5,4384;8,16;9,13;13,06;51,4464;5,4485;10,54;11,69;15,22;51,4422;5,4844;10,38;11,44;14,90;51,3706;5,1565;11,26;12,35;16,31;51,4454;5,4854;9,74;10,86;14,30;51,4414;5,4714;30,00;31,24;34,35;51,4815;5,5199;8,02;9,08;13,24;51,4681;5,3901;9,19;10,22;14,13;11203;51,3468;5,3887;13,86;15,08;19,58;51,4136;5,4707;10,60;11,79;15,15;51,5696;5,3113;8,52;9,47;14,46;51,4332;5,5198;8,01;8,91;12,86;51,4372;5,4233;8,71;9,80;14,15;51,4585;5,4049;12,20;13,68;17,79;51,4446;5,4787;10,76;12,05;15,82;51,4546;5,3887;10,88;12,16;16,00;19995;51,4492;5,4569;12,90;14,12;17,70;51,4353;5,4800;9,50;10,59;14,27;51,4374;5,4514;10,20;11,30;15,37;51,4797;5,4751;8,27;9,19;12,49;51,5295;5,4718;11,09;12,13;16,74;51,4380;5,4811;12,98;14,42;18,18;51,4686;5,4723;12,10;13,46;17,21;51,4389;5,4650;10,87;12,04;15,66;51,4527;5,4852;13,20;14,40;18,09;51,4320;5,6272;13,27;14,95;19,81;51,5923;5,7812;12,12;13,36;18,54;51,5305;5,2845;9,99;11,07;15,37;51,3564;5,6357;9,05;10,09;15,01;51,5835;5,5481;8,65;9,77;13,00;51,5092;5,3781;9,55;10,92;14,22;51,4768;5,2616;7,34;8,44;12,16;;;10,54;11,76;16,00;51,4735;5,6531;9,80;11,19;14,70;51,4693;5,6349;9,13;10,35;13,67;51,4776;5,6567;8,41;9,65;13,08;51,4165;5,1265;9,06;10,09;13,61;51,4904;5,3941;9,25;10,35;13,82
2021-08-24 00:00:00;2021-08-24 02:00:00;51,4379;5,3581;8,46;9,91;13,95;18288;51,5107;5,3606;5,96;6,90;11,17;51,4914;5,4391;5,33;6,41;12,01;51,4025;5,3514;12,65;13,88;17,90;51,4569;5,4384;5,43;6,31;10,17;51,4464;5,4484;6,78;7,82;11,23;51,4422;5,4844;6,77;7,69;11,02;51,3706;5,1565;8,30;9,25;13,14;51,4454;5,4854;6,28;7,22;10,41;51,4416;5,4713;26,55;27,59;31,14;51,4815;5,5199;5,59;6,54;10,49;51,4681;5,3901;5,88;6,80;10,73;12836;51,3468;5,3887;9,20;10,23;14,21;51,4136;5,4707;6,63;7,65;11,06;51,5696;5,3114;6,07;6,94;12,25;51,4332;5,5198;5,35;6,21;10,01;51,4372;5,4233;6,08;7,02;11,08;51,4585;5,4049;8,46;9,83;13,52;51,4447;5,4787;6,74;7,80;11,21;51,4546;5,3887;7,34;8,47;12,05;15416;51,4491;5,4569;8,15;9,19;12,84;51,4351;5,4798;5,68;6,57;10,35;51,4374;5,4516;6,68;7,56;11,37;51,4797;5,4751;6,04;7,01;10,45;51,5295;5,4718;7,64;8,62;13,31;51,4386;5,4819;9,10;10,90;15,48;51,4686;5,4723;7,48;8,59;12,04;51,4390;5,4650;7,26;8,69;12,83;51,4528;5,4852;8,23;9,26;12,62;51,4320;5,6272;8,41;9,60;13,79;51,5923;5,7812;8,71;9,81;15,04;51,5304;5,2846;6,78;7,71;12,04;51,3565;5,6357;6,33;7,29;13,17;51,5835;5,5480;5,77;6,83;10,20;51,5092;5,3781;6,37;7,57;10,82;51,4769;5,2617;4,71;5,57;8,90;;;6,46;7,54;11,60;51,4735;5,6531;6,37;7,53;10,57;51,4693;5,6349;6,05;7,24;10,61;51,4776;5,6568;5,56;6,64;9,87;51,4165;5,1265;6,02;6,85;10,13;51,4904;5,3941;6,31;7,26;10,54
2021-08-25 00:00:00;2021-08-25 02:00:00;51,4379;5,3581;8,11;9,44;12,60;12893;51,5107;5,3606;6,76;7,69;11,34;51,4914;5,4391;6,13;7,19;11,53;51,4025;5,3514;13,70;15,17;19,04;51,4570;5,4384;6,34;7,27;10,63;51,4465;5,4484;8,24;9,37;12,46;51,4422;5,4844;7,91;8,81;12,04;51,3706;5,1565;10,08;11,10;14,29;51,4454;5,4854;7,21;8,22;11,22;51,4416;5,4714;21,59;22,63;25,40;51,4815;5,5199;5,97;6,84;10,14;51,4681;5,3901;6,91;7,88;11,36;13134;51,3468;5,3887;9,63;10,72;14,41;51,4137;5,4708;7,43;8,58;11,68;51,5696;5,3114;6,98;7,74;11,80;51,4332;5,5197;6,14;6,96;10,33;51,4372;5,4233;6,61;7,55;11,02;51,4584;5,4050;9,30;10,78;14,26;51,4445;5,4787;8,01;9,16;12,32;51,4546;5,3887;8,39;9,47;12,78;15511;51,4492;5,4569;9,28;10,32;13,71;51,4352;5,4798;6,89;7,77;11,22;51,4374;5,4514;6,98;7,98;11,35;51,4797;5,4751;6,40;7,16;10,22;51,5295;5,4718;8,83;9,73;13,59;51,4383;5,4812;10,39;11,82;15,21;51,4686;5,4723;8,53;9,74;12,95;51,4390;5,4650;8,14;9,16;12,78;51,4528;5,4851;9,54;10,62;13,91;51,4320;5,6272;10,11;11,47;15,26;51,5923;5,7812;9,61;10,58;14,69;51,5305;5,2846;8,04;9,03;13,37;51,3565;5,6359;7,12;7,98;12,34;51,5835;5,5480;7,00;8,18;11,22;51,5092;5,3781;7,44;8,84;11,76;51,4768;5,2616;6,09;7,03;9,91;;;8,03;9,17;12,68;51,4736;5,6531;7,38;8,65;11,58;51,4692;5,6347;6,83;7,96;11,06;51,4776;5,6567;6,77;8,07;11,05;51,4165;5,1265;7,53;8,35;11,36;51,4904;5,3941;7,39;8,31;11,41
2021-08-26 00:00:00;2021-08-26 02:00:00;51,4379;5,3581;5,57;8,02;14,29;9142;51,5107;5,3606;4,91;7,06;13,69;51,4914;5,4391;3,94;6,11;13,71;51,4025;5,3514;10,32;12,76;20,33;51,4570;5,4384;3,86;5,60;12,09;51,4465;5,4482;4,83;6,81;11,57;51,4422;5,4844;5,23;7,33;12,42;51,3707;5,1565;7,05;9,22;15,62;51,4454;5,4854;4,13;6,14;11,26;51,4418;5,4714;16,91;19,08;23,68;51,4815;5,5199;4,07;6,01;12,53;51,4681;5,3901;4,20;6,16;11,39;7087;51,3468;5,3887;7,58;9,76;16,91;51,4137;5,4708;4,53;6,48;11,51;51,5696;5,3113;5,14;7,17;15,10;51,4332;5,5198;4,15;5,93;12,64;51,4372;5,4233;4,59;6,66;13,69;51,4584;5,4050;5,85;8,20;13,83;51,4445;5,4788;4,79;6,85;12,05;51,4546;5,3887;5,77;8,39;13,80;11715;51,4492;5,4569;5,83;8,09;13,41;51,4352;5,4797;4,77;6,82;12,19;51,4373;5,4513;4,51;6,04;12,37;51,4797;5,4751;4,10;6,04;10,50;51,5295;5,4719;6,07;8,19;15,27;51,4387;5,4821;6,58;9,04;14,26;51,4686;5,4723;5,20;7,46;13,09;51,4390;5,4650;5,67;8,09;12,96;51,4528;5,4851;5,81;7,97;13,29;51,4320;5,6272;7,49;10,17;19,48;51,5923;5,7812;7,00;9,33;16,77;51,5305;5,2845;6,13;8,41;17,39;51,3565;5,6359;5,06;6,97;14,77;51,5835;5,5480;3,91;6,24;12,39;51,5092;5,3781;4,86;7,14;12,40;51,4769;5,2616;5,70;9,08;15,08;;;5,64;8,37;16,34;51,4735;5,6530;4,71;6,98;12,21;51,4692;5,6348;4,02;6,12;11,17;51,4778;5,6567;4,09;6,38;11,52;51,4165;5,1264;5,01;7,13;11,80;51,4904;5,3941;4,90;7,02;12,21
2021-08-27 00:00:00;2021-08-27 02:00:00;51,4379;5,3581;3,94;5,79;12,27;8611;51,5108;5,3606;4,04;5,83;12,30;51,4914;5,4392;3,15;5,00;12,60;51,4025;5,3514;8,36;10,06;16,78;51,4570;5,4384;3,11;4,53;11,27;51,4465;5,4482;3,90;5,62;10,61;51,4422;5,4844;4,37;6,31;11,71;51,3707;5,1565;5,65;7,29;14,10;51,4454;5,4854;3,35;5,02;10,16;51,4416;5,4713;15,84;17,75;22,30;51,4815;5,5199;3,36;5,04;11,85;51,4681;5,3901;3,24;4,86;10,59;7639;51,3468;5,3887;5,86;7,39;14,61;51,4137;5,4708;3,45;5,01;10,25;51,5696;5,3113;4,27;5,87;13,16;51,4332;5,5198;3,36;4,94;11,39;51,4372;5,4233;3,75;5,43;12,23;51,4583;5,4050;4,72;6,60;12,57;51,4445;5,4788;4,16;5,99;11,28;51,4546;5,3887;4,46;6,71;12,26;20973;51,4492;5,4569;4,56;6,48;12,34;51,4352;5,4800;4,08;6,00;11,36;51,4374;5,4513;3,69;4,88;11,38;51,4798;5,4751;3,20;4,88;9,68;51,5295;5,4718;5,10;6,89;13,89;51,4384;5,4821;6,29;8,38;13,91;51,4686;5,4723;4,05;5,96;11,65;51,4390;5,4650;4,93;7,11;12,86;51,4528;5,4851;4,84;6,71;11,92;51,4320;5,6272;6,28;8,39;17,13;51,5923;5,7812;5,76;7,71;16,05;51,5304;5,2846;5,10;6,88;15,48;51,3563;5,6361;4,21;5,76;13,83;51,5835;5,5480;3,24;5,15;11,39;51,5092;5,3781;4,19;6,14;11,45;51,4769;5,2616;4,04;6,53;12,71;;;4,74;7,13;15,45;51,4735;5,6531;3,90;5,76;10,94;51,4692;5,6348;3,31;5,07;10,29;51,4780;5,6568;3,35;5,23;10,67;51,4165;5,1265;3,70;5,38;10,55;51,4904;5,3941;3,98;5,81;11,24
2021-08-28 00:00:00;2021-08-28 02:00:00;51,4379;5,3581;7,37;9,27;14,48;7388;51,5108;5,3606;5,85;7,56;13,65;51,4914;5,4392;4,83;6,56;12,87;51,4025;5,3514;11,98;13,85;20,04;51,4568;5,4383;5,00;6,41;12,50;51,4465;5,4482;6,54;8,26;12,63;51,4422;5,4844;6,47;8,30;13,00;51,3707;5,1564;7,70;9,26;14,87;51,4454;5,4854;5,71;7,34;11,81;51,4416;5,4713;18,43;20,32;25,15;51,4816;5,5199;5,11;6,73;12,86;51,4681;5,3901;5,50;7,04;11,92;6239;51,3468;5,3887;8,73;10,30;16,11;51,4137;5,4707;6,11;7,72;12,08;51,5696;5,3114;5,97;7,51;14,00;51,4332;5,5197;5,07;6,52;12,06;51,4371;5,4233;5,66;7,29;13,34;51,4583;5,4050;7,49;9,31;14,46;51,4445;5,4787;6,11;7,77;12,52;51,4546;5,3887;6,95;9,01;13,98;18508;51,4491;5,4569;7,64;9,54;14,38;51,4351;5,4800;6,01;7,79;12,65;51,4374;5,4513;6,21;7,45;12,92;51,4798;5,4751;4,91;6,56;10,78;51,5295;5,4718;7,20;8,94;15,09;51,4386;5,4818;8,44;10,51;15,28;51,4686;5,4723;7,03;8,90;14,02;51,4390;5,4650;6,95;8,91;13,74;51,4528;5,4851;7,95;9,73;14,70;51,4320;5,6272;8,88;10,92;18,57;51,5923;5,7812;7,51;9,18;16,21;51,5305;5,2846;7,19;8,95;16,05;51,3564;5,6360;5,92;7,41;14,90;51,5835;5,5480;5,00;6,74;11,90;51,5092;5,3780;6,42;8,27;12,71;51,4769;5,2616;5,22;7,37;12,55;;;6,49;8,50;15,35;51,4735;5,6530;6,06;7,89;12,44;51,4693;5,6348;5,38;7,03;11,51;51,4774;5,6568;5,01;6,73;11,38;51,4165;5,1265;6,00;7,60;12,06;51,4904;5,3941;6,07;7,88;12,57
2021-08-29 00:00:00;2021-08-29 02:00:00;51,4379;5,3581;7,87;9,93;15,67;6913;51,5108;5,3606;6,37;8,33;15,15;51,4914;5,4391;5,36;7,32;14,38;51,4025;5,3514;12,30;14,33;21,57;51,4567;5,4382;5,39;6,92;13,42;51,4465;5,4485;6,63;8,38;12,75;51,4422;5,4844;7,18;9,16;13,96;51,3706;5,1565;8,47;10,24;17,00;51,4454;5,4854;6,16;7,88;12,72;51,4413;5,4714;18,01;19,94;24,63;51,4815;5,5199;5,35;7,09;13,35;51,4681;5,3901;6,06;7,76;13,13;6042;51,3468;5,3887;9,56;11,29;17,92;51,4136;5,4707;6,69;8,38;13,15;51,5696;5,3114;6,78;8,59;15,76;51,4332;5,5198;5,58;7,14;12,98;51,4371;5,4233;6,06;7,87;14,68;51,4583;5,4050;7,90;9,93;15,73;51,4447;5,4788;7,00;8,86;13,84;51,4546;5,3887;7,44;9,74;15,40;14301;51,4491;5,4569;8,03;10,00;15,11;51,4352;5,4797;6,55;8,48;13,55;51,4374;5,4516;6,69;7,95;14,28;51,4798;5,4751;5,42;7,22;11,68;51,5295;5,4719;7,57;9,41;16,37;51,4389;5,4820;9,23;11,34;16,63;51,4685;5,4724;7,62;9,58;15,02;51,4390;5,4650;7,39;9,47;14,55;51,4528;5,4851;8,43;10,28;15,22;51,4320;5,6272;9,62;11,81;20,44;51,5923;5,7812;8,39;10,13;17,37;51,5304;5,2845;7,83;9,90;20,02;51,3565;5,6360;6,35;8,00;15,89;51,5835;5,5480;5,51;7,49;13,47;51,5092;5,3781;7,68;9,76;14,98;51,4769;5,2616;6,43;9,28;15,35;;;7,34;9,49;17,20;51,4735;5,6531;6,29;8,23;13,10;51,4693;5,6349;5,83;7,68;12,56;51,4774;5,6568;5,57;7,43;12,73;51,4165;5,1265;6,49;8,35;13,16;51,4904;5,3941;6,58;8,60;13,97
2021-08-30 00:00:00;2021-08-30 02:00:00;51,4379;5,3581;16,30;18,62;23,48;8753;51,5108;5,3606;11,10;12,84;18,59;51,4915;5,4392;10,18;12,07;18,32;51,4025;5,3515;20,54;22,85;28,80;51,4567;5,4381;10,64;12,31;17,83;51,4465;5,4483;14,05;15,90;20,34;51,4422;5,4844;13,42;15,26;19,91;51,3706;5,1565;14,18;16,05;21,48;51,4454;5,4854;12,66;14,53;18,91;51,4414;5,4713;22,12;24,16;29,39;51,4815;5,5199;10,49;12,38;18,03;51,4681;5,3901;11,95;13,77;18,78;8377;51,3468;5,3887;16,47;18,39;24,29;51,4136;5,4707;13,61;15,59;19,88;51,5696;5,3114;10,74;12,43;18,69;51,4332;5,5197;10,73;12,41;17,86;51,4371;5,4233;10,78;12,54;18,34;51,4583;5,4050;15,41;17,70;22,83;51,4447;5,4788;13,42;15,37;19,97;51,4546;5,3887;14,13;16,40;21,35;20567;51,4491;5,4569;16,19;18,26;23,11;51,4351;5,4797;12,62;14,52;19,39;51,4374;5,4516;12,69;14,38;19,62;51,4798;5,4751;11,25;12,98;17,33;51,5295;5,4719;14,58;16,51;22,84;51,4389;5,4823;16,32;18,57;23,62;51,4685;5,4724;16,04;18,25;22,98;51,4390;5,4650;13,84;16,00;20,97;51,4528;5,4850;16,76;18,76;23,66;51,4320;5,6272;18,02;20,72;27,75;51,5923;5,7812;15,46;17,44;25,39;51,5304;5,2845;13,17;15,09;21,52;51,3564;5,6361;12,04;13,70;20,96;51,5835;5,5480;12,24;14,49;19,42;51,5092;5,3781;13,98;16,32;20,64;51,4769;5,2617;9,95;11,91;16,64;;;14,71;17,08;24,38;51,4735;5,6531;13,07;15,41;19,97;51,4693;5,6349;12,42;14,52;19,06;51,4775;5,6568;11,07;13,23;17,74;51,4165;5,1265;12,40;14,27;18,84;51,4904;5,3941;12,31;14,27;18,71
2021-08-31 00:00:00;2021-08-31 02:00:00;51,4379;5,3581;13,69;16,38;22,61;8087;51,5108;5,3606;9,93;12,34;19,47;51,4915;5,4392;8,82;11,29;19,38;51,4025;5,3514;18,00;20,67;28,02;51,4568;5,4384;9,36;11,38;18,29;51,4465;5,4484;11,79;14,06;19,22;51,4422;5,4844;11,73;13,96;19,04;51,3706;5,1565;12,86;15,01;21,33;51,4454;5,4854;10,79;13,00;18,09;51,4415;5,4713;19,44;21,92;27,36;51,4815;5,5199;9,21;11,58;18,80;51,4681;5,3901;10,35;12,50;18,41;8267;51,3468;5,3887;14,65;16,83;24,04;51,4136;5,4707;11,54;13,80;19,14;51,5696;5,3114;9,95;12,14;20,42;51,4332;5,5197;9,33;11,42;17,92;51,4371;5,4233;9,61;11,83;19,05;51,4584;5,4050;13,36;16,08;22,30;51,4446;5,4788;11,56;13,88;19,37;51,4546;5,3887;12,44;15,20;21,10;14716;51,4492;5,4569;13,93;16,54;22,52;51,4351;5,4797;11,13;13,48;19,16;51,4374;5,4516;10,95;12,79;19,19;51,4797;5,4751;9,83;11,95;16,93;51,5295;5,4719;12,38;14,78;22,23;51,4391;5,4821;14,53;17,32;23,12;51,4685;5,4724;13,58;16,17;21,91;51,4390;5,4650;12,50;15,27;21,15;51,4528;5,4850;14,31;16,79;22,21;51,4320;5,6272;15,60;18,86;28,63;51,5923;5,7812;13,69;16,43;27,57;51,5305;5,2846;11,77;14,11;21,51;51,3564;5,6359;11,11;13,22;21,87;51,5835;5,5480;10,01;12,67;18,78;51,5092;5,3781;11,75;14,44;19,57;51,4768;5,2616;8,79;11,27;16,60;;;13,13;15,99;24,20;51,4735;5,6531;11,60;14,39;20,09;51,4693;5,6347;10,79;13,33;18,87;51,4781;5,6568;9,94;12,66;18,03;51,4165;5,1266;11,07;13,38;18,36;51,4904;5,3941;10,65;13,10;18,59
2021-09-01 00:00:00;2021-09-01 02:00:00;51,4379;5,3581;9,29;12,21;18,97;7818;51,5108;5,3606;7,15;9,80;16,81;51,4915;5,4392;6,64;9,58;18,06;51,4025;5,3514;13,17;16,02;24,23;51,4568;5,4383;5,64;7,64;13,99;51,4464;5,4484;8,56;11,41;16,73;51,4422;5,4844;8,73;11,66;16,85;51,3706;5,1565;9,10;11,57;18,81;51,4454;5,4854;8,10;11,06;16,95;51,4415;5,4713;16,75;19,99;25,43;51,4815;5,5199;6,47;8,94;15,91;51,4681;5,3901;7,14;9,65;15,30;7145;51,3468;5,3887;10,41;13,05;20,79;51,4136;5,4707;7,62;10,19;15,55;51,5696;5,3114;7,14;9,32;16,68;51,4332;5,5197;6,67;9,18;16,38;51,4372;5,4233;6,70;9,24;17,94;51,4584;5,4050;9,52;12,68;19,57;51,4445;5,4788;8,39;11,32;17,52;51,4546;5,3887;9,08;12,53;18,85;10814;51,4492;5,4569;10,01;13,17;19,37;51,4351;5,4797;8,33;11,28;17,36;51,4375;5,4517;8,03;10,12;17,71;51,4797;5,4751;7,02;9,62;14,66;51,5295;5,4719;9,50;12,29;20,36;51,4387;5,4820;10,52;13,92;20,80;51,4685;5,4725;10,02;13,16;19,46;51,4390;5,4650;9,55;13,00;18,99;51,4528;5,4850;10,73;13,98;20,11;51,4320;5,6272;10,09;13,18;22,67;51,5923;5,7812;9,88;12,82;21,71;51,5305;5,2846;8,10;10,42;17,17;51,3564;5,6359;7,74;10,15;19,45;51,5835;5,5480;7,33;10,37;16,02;51,5092;5,3781;8,53;11,40;16,90;51,4768;5,2616;6,07;8,83;13,88;;;9,25;12,60;20,41;51,4735;5,6530;8,55;11,97;18,02;51,4693;5,6348;7,92;10,91;16,92;51,4777;5,6568;7,73;11,04;17,19;51,4165;5,1266;7,06;9,37;14,19;51,4904;5,3941;8,15;10,99;16,37
2021-09-02 00:00:00;2021-09-02 02:00:00;51,4379;5,3581;17,49;20,70;27,09;15779;51,5108;5,3606;12,06;14,54;21,36;51,4915;5,4392;10,56;13,42;21,89;51,4025;5,3514;20,13;22,94;30,27;51,4567;5,4382;10,04;12,12;18,57;51,4465;5,4483;14,04;16,85;22,55;51,4422;5,4844;13,73;16,58;21,88;51,3706;5,1565;16,49;19,01;25,52;51,4454;5,4854;13,17;15,88;21,16;51,4416;5,4715;20,96;24,00;29,88;51,4815;5,5199;10,63;13,25;20,70;51,4681;5,3901;12,57;15,15;21,60;13818;51,3468;5,3887;17,58;20,32;28,22;51,4136;5,4707;13,61;16,20;21,47;51,5696;5,3113;13,23;15,71;23,68;51,4332;5,5197;10,82;13,21;20,14;51,4372;5,4233;11,34;13,95;21,61;51,4585;5,4050;16,62;19,91;26,32;51,4445;5,4788;13,98;16,89;22,80;51,4546;5,3887;14,54;17,80;23,42;13875;51,4491;5,4569;16,87;19,93;25,82;51,4351;5,4797;12,48;15,29;20,91;51,4375;5,4518;12,93;15,03;21,85;51,4797;5,4751;11,31;13,88;19,14;51,5295;5,4719;14,34;16,88;24,11;51,4386;5,4816;15,56;18,68;24,91;51,4685;5,4724;16,83;20,00;25,94;51,4390;5,4650;14,48;17,67;23,81;51,4529;5,4850;17,30;20,30;26,21;51,4320;5,6272;17,23;20,25;28,59;51,5923;5,7812;14,99;17,96;26,91;51,5305;5,2846;14,36;17,02;25,16;51,3566;5,6354;13,27;15,84;25,89;51,5835;5,5480;11,58;14,37;19,65;51,5092;5,3781;14,27;17,23;22,45;51,4768;5,2616;10,42;12,95;17,71;;;14,55;17,85;25,50;51,4736;5,6531;13,36;16,62;22,10;51,4693;5,6349;12,45;15,39;21,14;51,4775;5,6567;12,47;15,66;21,15;51,4165;5,1265;14,18;16,74;22,01;51,4904;5,3941;12,80;15,54;21,07
2021-09-03 00:00:00;2021-09-03 02:00:00;51,4379;5,3581;23,07;26,34;31,91;19675;51,5108;5,3606;15,52;17,70;23,07;51,4915;5,4392;14,35;16,81;23,92;51,4024;5,3515;26,02;28,91;35,17;51,4567;5,4381;15,10;17,38;22,87;51,4464;5,4483;18,98;21,55;26,82;51,4422;5,4844;18,51;20,87;25,85;51,3706;5,1565;21,89;24,38;30,26;51,4454;5,4854;17,45;19,92;24,74;51,4414;5,4714;24,88;27,50;33,30;51,4815;5,5199;14,76;17,05;22,74;51,4681;5,3901;17,87;20,32;25,97;20279;51,3468;5,3887;21,43;23,94;30,28;51,4136;5,4707;18,36;20,92;25,69;51,5696;5,3114;16,27;18,70;25,89;51,4332;5,5197;14,42;16,43;21,89;51,4371;5,4233;15,56;18,05;24,22;51,4585;5,4050;22,14;25,38;31,13;51,4445;5,4788;19,06;21,72;26,85;51,4546;5,3887;20,22;23,00;28,24;17552;51,4492;5,4570;22,73;25,40;30,95;51,4351;5,4797;17,71;20,03;25,03;51,4375;5,4518;16,62;18,87;24,38;51,4797;5,4751;16,34;18,44;23,17;51,5295;5,4719;19,34;21,70;28,21;51,4387;5,4820;21,31;24,14;29,60;51,4685;5,4724;22,08;24,97;30,41;51,4390;5,4650;19,67;22,42;28,08;51,4528;5,4850;22,67;25,35;30,82;51,4320;5,6272;20,62;23,63;30,31;51,5923;5,7813;20,71;23,48;31,15;51,5304;5,2846;18,26;20,77;27,54;51,3566;5,6358;15,94;18,09;28,14;51,5835;5,5480;16,59;19,42;24,21;51,5092;5,3781;18,11;21,37;25,95;51,4768;5,2616;14,01;16,38;20,72;;;18,06;20,66;26,70;51,4736;5,6531;16,84;19,61;24,21;51,4693;5,6347;15,96;18,44;23,32;51,4778;5,6568;16,10;18,91;23,57;51,4165;5,1266;18,86;21,19;26,16;51,4903;5,3941;18,24;20,82;25,95
2021-09-04 00:00:00;2021-09-04 02:00:00;51,4379;5,3581;31,83;37,25;42,93;19401;51,5107;5,3606;22,41;25,32;30,74;51,4915;5,4392;20,82;24,08;30,65;51,4024;5,3515;32,70;37,93;45,03;51,4568;5,4383;21,36;24,60;30,03;51,4465;5,4480;27,71;31,40;36,91;51,4422;5,4844;26,83;30,03;35,36;51,3706;5,1565;29,05;32,81;38,84;51,4454;5,4854;24,69;28,29;33,40;51,4414;5,4713;31,82;35,38;41,25;51,4815;5,5199;20,99;24,21;29,78;51,4681;5,3901;26,06;29,36;34,39;13154;51,3468;5,3887;30,50;35,26;41,73;51,4136;5,4707;25,69;29,97;35,12;51,5696;5,3114;22,07;24,81;31,64;51,4332;5,5197;21,30;24,40;30,13;51,4371;5,4233;22,70;26,49;32,94;51,4585;5,4050;31,16;35,85;41,67;51,4445;5,4788;26,54;30,27;35,53;51,4546;5,3887;29,99;33,49;38,97;12385;51,4492;5,4569;31,89;35,52;41,13;;;;;;51,4374;5,4515;21,69;25,22;31,19;51,4797;5,4751;26,36;28,96;33,82;51,5295;5,4719;26,48;29,32;35,27;51,4384;5,4820;32,06;36,38;42,48;51,4685;5,4724;32,06;36,34;42,19;51,4390;5,4650;30,24;33,98;39,74;51,4528;5,4851;32,15;35,92;41,82;51,4320;5,6272;27,11;32,04;38,53;51,5923;5,7812;27,30;30,43;37,31;51,5305;5,2846;25,25;28,62;34,65;51,3565;5,6358;24,43;28,59;36,61;51,5835;5,5480;21,60;24,97;30,02;51,5092;5,3781;22,54;27,15;31,93;51,4768;5,2616;20,47;23,46;27,97;;;26,77;30,35;36,31;51,4736;5,6530;23,57;27,44;32,37;51,4693;5,6347;22,84;26,30;31,17;51,4780;5,6568;22,73;26,77;31,72;51,4165;5,1266;27,06;30,01;34,88;51,4903;5,3941;25,31;28,37;33,56
2021-09-05 00:00:00;2021-09-05 02:00:00;51,4379;5,3581;27,06;30,50;35,55;20155;51,5107;5,3606;18,58;20,59;25,71;51,4915;5,4392;17,53;19,80;25,98;51,4024;5,3515;29,44;32,64;38,70;51,4569;5,4384;18,21;20,36;25,46;51,4464;5,4484;22,83;25,27;30,48;51,4422;5,4844;22,44;24,58;29,34;51,3706;5,1565;25,79;28,37;34,13;51,4454;5,4854;21,33;23,79;28,54;51,4415;5,4714;28,07;30,66;36,23;51,4815;5,5199;17,37;19,59;24,62;51,4681;5,3901;21,74;24,02;28,85;19119;51,3468;5,3887;26,32;29,08;34,81;51,4136;5,4707;21,99;24,74;29,32;51,5696;5,3114;18,04;19,99;25,72;51,4332;5,5197;18,07;20,18;25,18;51,4371;5,4233;18,26;20,66;25,84;51,4583;5,4050;26,82;30,12;35,82;51,4445;5,4787;22,86;25,55;30,91;51,4546;5,3887;24,85;27,42;32,78;18578;51,4492;5,4569;26,92;29,61;35,44;;;;;;51,4374;5,4513;19,05;21,48;26,41;51,4797;5,4751;20,85;22,64;27,24;51,5295;5,4719;23,59;25,82;31,88;51,4388;5,4821;26,82;29,86;35,69;51,4685;5,4724;26,95;29,86;35,32;51,4390;5,4650;24,40;26,99;32,30;51,4527;5,4851;27,38;30,13;35,55;51,4320;5,6272;24,15;27,24;32,95;51,5923;5,7812;22,62;25,08;31,27;51,5305;5,2846;19,76;21,97;27,63;51,3565;5,6359;19,83;21,87;28,42;51,5835;5,5480;18,67;21,41;25,88;51,5092;5,3781;20,09;23,51;28,03;51,4769;5,2616;16,24;18,02;21,86;;;22,50;24,97;30,27;51,4736;5,6530;20,19;23,09;27,90;51,4693;5,6349;19,51;22,14;26,81;51,4779;5,6568;19,80;22,89;27,66;51,4165;5,1266;22,99;25,14;29,85;51,4903;5,3941;22,56;24,89;29,83
2021-09-06 00:00:00;2021-09-06 02:00:00;51,4379;5,3582;25,01;28,23;33,45;19536;51,5107;5,3606;18,31;20,34;25,32;51,4915;5,4392;18,39;20,68;26,90;51,4024;5,3515;28,30;31,35;37,03;51,4569;5,4384;18,49;20,71;25,34;51,4465;5,4483;23,20;25,69;30,40;51,4422;5,4844;23,46;25,55;29,99;51,3706;5,1565;25,79;28,33;33,34;51,4454;5,4854;22,04;24,68;29,15;51,4414;5,4713;28,57;31,26;36,53;51,4815;5,5199;15,95;17,71;21,74;51,4681;5,3901;20,81;23,37;29,23;17738;51,3468;5,3887;24,47;27,11;32,67;51,4136;5,4707;21,25;23,80;27,63;51,5696;5,3114;17,82;19,43;24,84;51,4333;5,5198;18,21;20,39;25,33;51,4371;5,4233;18,36;20,73;25,62;51,4584;5,4049;27,07;30,70;36,03;51,4445;5,4787;23,58;26,59;31,52;51,4545;5,3887;24,46;27,13;31,94;19803;51,4492;5,4569;27,97;30,84;36,23;;;;;;51,4374;5,4513;19,47;22,21;27,08;51,4797;5,4751;22,03;23,70;27,43;51,5295;5,4719;23,55;25,67;31,25;51,4387;5,4816;27,74;31,04;36,31;51,4685;5,4724;28,01;31,08;35,87;51,4389;5,4650;27,94;30,51;35,83;51,4527;5,4851;28,31;31,20;36,29;51,4320;5,6272;22,16;24,62;29,43;51,5923;5,7812;20,30;22,08;27,10;51,5304;5,2846;19,41;21,61;28,48;51,3565;5,6357;18,26;20,09;26,67;51,5835;5,5480;19,60;22,43;27,05;51,5092;5,3781;19,99;23,50;28,52;51,4769;5,2616;15,13;16,71;20,28;;;23,27;25,70;30,83;51,4736;5,6530;21,04;24,36;29,19;51,4693;5,6349;20,43;23,06;27,66;51,4776;5,6567;20,60;23,90;28,70;51,4165;5,1265;22,43;24,13;27,91;51,4904;5,3941;23,69;26,13;30,51
2021-09-07 00:00:00;2021-09-07 02:00:00;51,4379;5,3581;23,57;27,22;32,57;22646;51,5107;5,3607;18,05;20,41;25,52;51,4915;5,4392;16,95;19,56;25,93;51,4024;5,3515;27,59;31,18;37,01;51,4567;5,4382;16,50;18,85;23,52;51,4465;5,4483;21,47;24,26;29,01;51,4422;5,4844;21,88;24,44;29,14;51,3706;5,1565;22,96;25,70;30,46;51,4454;5,4854;20,51;23,60;28,39;51,4414;5,4713;26,86;30,01;35,41;51,4815;5,5199;14,28;16,17;20,65;51,4681;5,3901;18,73;21,58;28,13;26402;51,3468;5,3887;23,20;26,20;32,18;51,4136;5,4707;20,95;24,28;28,74;51,5696;5,3114;19,01;21,24;27,58;51,4332;5,5198;16,77;19,23;24,27;51,4372;5,4233;17,70;20,70;26,22;51,4585;5,4049;25,03;29,18;34,26;51,4445;5,4787;21,80;25,19;30,23;51,4545;5,3887;21,82;24,92;30,27;20385;51,4492;5,4569;26,44;29,75;35,53;;;;;;51,4374;5,4516;17,82;20,88;25,92;51,4797;5,4751;20,91;22,81;26,96;51,5295;5,4719;22,92;25,26;30,90;51,4385;5,4819;25,98;29,74;35,16;51,4685;5,4724;25,85;29,23;33,95;51,4389;5,4650;27,71;30,82;36,50;51,4528;5,4851;26,33;29,52;34,97;51,4320;5,6272;23,18;26,25;31,85;51,5923;5,7812;22,27;24,61;31,06;51,5304;5,2846;21,01;23,97;30,31;51,3566;5,6355;19,30;21,84;30,69;51,5835;5,5480;20,34;23,92;28,54;51,5092;5,3781;18,55;22,65;27,10;51,4768;5,2616;15,26;17,14;21,31;;;22,61;25,52;31,49;51,4735;5,6531;19,74;23,23;27,65;51,4692;5,6348;18,75;21,55;26,25;51,4779;5,6568;19,32;22,91;27,46;51,4165;5,1266;21,09;23,20;27,28;51,4904;5,3941;21,29;23,90;28,17
2021-09-08 00:00:00;2021-09-08 02:00:00;51,4379;5,3581;21,20;23,73;28,47;18232;51,5108;5,3607;15,58;17,13;22,31;51,4915;5,4392;13,90;15,46;21,41;51,4024;5,3515;26,01;28,56;34,28;51,4568;5,4383;13,90;15,49;20,12;51,4464;5,4486;17,04;18,67;23,39;51,4422;5,4844;17,74;19,19;23,46;51,3706;5,1565;19,16;21,07;26,60;51,4454;5,4854;17,29;19,00;23,12;51,4415;5,4714;23,61;25,36;30,15;51,4815;5,5199;12,96;14,33;18,34;51,4681;5,3901;15,74;17,33;22,89;20492;51,3468;5,3887;20,90;22,98;28,46;51,4136;5,4707;19,25;21,26;25,55;51,5696;5,3114;17,12;18,71;25,54;51,4332;5,5197;15,69;17,17;21,83;51,4372;5,4233;14,53;16,38;21,28;51,4585;5,4050;20,22;22,60;27,10;51,4445;5,4787;17,91;19,78;24,30;51,4545;5,3887;18,03;19,73;23,91;16521;51,4492;5,4570;21,15;22,97;27,80;;;;;;51,4374;5,4516;15,77;17,52;22,00;51,4797;5,4751;15,39;16,57;20,45;51,5295;5,4719;19,04;20,67;26,01;51,4389;5,4839;20,53;22,66;27,24;51,4685;5,4724;20,90;22,93;27,46;51,4389;5,4650;21,08;23,02;28,44;51,4528;5,4850;21,35;23,33;27,77;51,4320;5,6272;20,40;22,51;27,68;51,5923;5,7812;19,10;20,83;26,69;51,5304;5,2845;18,46;20,53;26,59;51,3567;5,6354;16,21;18,00;27,95;51,5835;5,5480;17,92;20,31;24,91;51,5092;5,3781;15,51;18,17;22,20;51,4768;5,2616;13,92;15,48;19,45;;;17,94;19,86;25,07;51,4735;5,6531;16,22;18,37;22,77;51,4693;5,6349;15,83;17,71;22,02;51,4779;5,6567;15,21;17,30;21,45;51,4165;5,1266;17,24;18,64;22,73;51,4904;5,3941;16,99;18,54;22,35
2021-09-09 00:00:00;2021-09-09 02:00:00;51,4379;5,3581;20,19;22,79;28,31;16654;51,5108;5,3607;14,26;16,38;23,98;51,4915;5,4392;12,29;14,18;22,15;51,4024;5,3515;24,54;26,93;33,00;51,4568;5,4384;11,36;12,78;17,65;51,4464;5,4484;14,94;16,73;21,41;51,4422;5,4844;15,20;16,84;21,24;51,3706;5,1565;16,78;18,33;23,31;51,4454;5,4854;15,53;17,32;21,71;51,4414;5,4713;21,60;23,57;29,17;51,4815;5,5199;11,56;13,08;17,84;51,4681;5,3901;14,38;16,15;22,19;18164;51,3468;5,3887;17,55;19,28;25,24;51,4136;5,4707;17,43;19,22;23,79;51,5697;5,3114;14,78;16,25;22,39;51,4332;5,5198;14,51;16,29;22,13;51,4372;5,4233;13,25;15,27;21,26;51,4585;5,4050;18,56;20,99;26,02;51,4445;5,4787;15,75;17,71;22,48;51,4545;5,3887;16,08;18,22;23,57;16801;51,4492;5,4569;18,72;20,69;26,12;;;;;;51,4374;5,4516;14,56;16,17;21,30;51,4797;5,4751;12,74;14,12;18,43;51,5295;5,4719;16,70;18,39;24,33;51,4388;5,4821;17,78;19,94;25,05;51,4685;5,4724;18,46;20,56;25,27;51,4389;5,4650;15,69;17,62;22,71;51,4528;5,4850;19,02;20,95;25,88;51,4320;5,6272;18,25;20,15;25,59;51,5923;5,7812;18,40;20,38;31,13;51,5304;5,2846;17,23;19,35;28,04;51,3566;5,6356;13,73;15,27;22,20;51,5835;5,5480;16,73;19,01;23,86;51,5092;5,3781;14,39;16,80;21,22;51,4769;5,2616;12,72;14,52;18,85;;;15,95;18,00;24,82;51,4736;5,6531;14,41;16,52;21,14;51,4693;5,6349;14,07;15,95;20,83;51,4775;5,6568;13,41;15,48;19,85;51,4165;5,1265;15,05;16,60;21,51;51,4903;5,3940;14,63;16,44;21,16
2021-09-10 00:00:00;2021-09-10 02:00:00;51,4379;5,3581;9,72;10,89;14,88;10280;51,5108;5,3607;7,76;9,18;14,34;51,4915;5,4392;6,18;7,42;12,99;51,4025;5,3514;14,52;15,58;19,90;51,4568;5,4385;5,48;6,24;10,06;51,4464;5,4485;7,20;8,37;12,71;51,4421;5,4845;7,40;8,43;11,98;51,3706;5,1565;9,12;10,08;13,94;51,4454;5,4854;7,44;8,47;11,88;51,4416;5,4714;17,86;18,97;23,06;51,4815;5,5199;5,09;6,04;10,01;51,4681;5,3901;6,64;7,62;11,76;10973;51,3468;5,3887;9,00;9,86;14,29;51,4136;5,4707;8,58;9,55;13,08;51,5697;5,3113;8,89;10,07;15,07;51,4332;5,5197;7,49;8,52;13,03;51,4371;5,4233;6,77;7,90;12,53;51,4584;5,4050;9,21;10,51;14,64;51,4445;5,4787;7,56;8,71;12,34;51,4545;5,3887;7,29;8,54;12,39;11368;51,4492;5,4569;9,05;10,22;14,30;;;;;;51,4374;5,4516;7,80;8,63;12,75;51,4797;5,4751;4,88;5,85;9,18;51,5295;5,4719;8,69;9,84;14,61;51,4389;5,4819;8,41;9,63;13,56;51,4685;5,4724;8,18;9,35;12,96;51,4389;5,4650;6,79;7,95;11,87;51,4528;5,4850;9,15;10,30;14,25;51,4320;5,6272;9,62;10,64;14,97;51,5923;5,7812;10,97;12,13;18,81;51,5304;5,2846;10,86;12,60;21,62;51,3566;5,6357;6,23;7,05;11,99;51,5835;5,5480;9,10;10,42;14,44;51,5092;5,3781;8,13;9,49;12,96;51,4768;5,2616;7,04;8,38;11,91;;;8,07;9,27;14,19;51,4736;5,6531;7,52;8,65;12,34;51,4693;5,6349;6,44;7,54;11,35;51,4775;5,6568;7,21;8,44;12,22;51,4165;5,1266;7,30;8,29;11,71;51,4903;5,3940;7,14;8,23;11,97
2021-09-11 00:00:00;2021-09-11 02:00:00;51,4379;5,3581;13,33;15,00;19,82;9088;51,5108;5,3607;8,98;10,50;15,82;51,4914;5,4392;8,18;9,87;16,05;51,4024;5,3515;17,60;19,20;24,93;51,4568;5,4383;7,23;8,27;12,76;51,4465;5,4483;9,48;10,99;15,09;51,4421;5,4845;10,54;12,34;16,79;51,3706;5,1565;10,47;11,77;16,70;51,4454;5,4854;9,92;11,48;15,75;51,4415;5,4713;20,97;22,72;27,42;51,4815;5,5199;7,14;8,66;13,82;51,4681;5,3901;9,61;10,99;15,86;9053;51,3468;5,3887;11,89;13,39;18,67;51,4136;5,4708;11,32;12,72;16,72;51,5697;5,3113;8,70;10,02;15,81;51,4332;5,5199;8,53;10,05;16,19;51,4372;5,4233;9,43;11,20;17,48;51,4584;5,4050;12,39;14,16;19,04;51,4445;5,4787;10,13;11,78;16,42;51,4545;5,3887;10,14;11,88;16,51;9300;51,4491;5,4570;12,15;13,91;18,51;;;;;;51,4374;5,4516;10,36;11,56;16,55;51,4797;5,4751;6,78;8,16;12,10;51,5295;5,4719;11,00;12,52;18,04;51,4384;5,4817;11,88;13,77;18,65;51,4685;5,4724;11,59;13,25;17,92;51,4389;5,4650;9,67;11,52;15,88;51,4528;5,4850;12,34;14,04;18,59;51,4320;5,6272;12,41;13,95;19,58;51,5923;5,7812;13,37;15,05;23,70;51,5305;5,2845;11,68;13,60;25,09;51,3565;5,6358;7,48;8,57;14,18;51,5835;5,5479;11,49;13,33;18,35;51,5092;5,3781;10,19;11,76;15,87;51,4768;5,2616;8,07;9,94;14,44;;;9,70;11,34;16,25;51,4735;5,6531;8,89;10,45;14,99;51,4693;5,6349;8,12;9,60;13,45;51,4774;5,6568;8,16;9,85;14,11;51,4164;5,1265;9,32;10,73;15,28;51,4903;5,3940;9,37;10,81;15,10
2021-09-12 00:00:00;2021-09-12 02:00:00;51,4379;5,3581;9,93;11,65;17,07;11130;51,5108;5,3607;7,91;9,69;16,46;51,4914;5,4392;6,06;7,93;15,71;51,4024;5,3515;13,81;15,38;21,77;51,4568;5,4383;5,59;6,80;12,62;51,4465;5,4483;6,93;8,62;13,67;51,4421;5,4845;7,33;9,31;14,89;51,3706;5,1565;8,11;9,57;15,61;51,4454;5,4854;7,30;8,95;13,97;51,4413;5,4714;18,53;20,36;25,36;51,4815;5,5200;5,86;7,49;14,18;51,4681;5,3901;7,33;8,90;14,69;11303;51,3468;5,3887;8,60;9,95;16,64;51,4135;5,4708;8,54;9,96;14,58;51,5697;5,3113;7,94;9,45;15,94;51,4332;5,5197;6,42;7,97;15,23;51,4372;5,4233;6,73;8,38;15,67;51,4585;5,4049;9,19;11,07;17,35;51,4445;5,4787;7,52;9,29;14,79;51,4545;5,3887;7,75;9,81;15,84;11135;51,4491;5,4569;8,95;10,86;16,65;;;;;;51,4374;5,4516;7,55;8,67;14,79;51,4797;5,4751;5,25;6,99;11,76;51,5295;5,4718;9,85;11,64;18,60;51,4383;5,4816;9,07;11,04;16,88;51,4686;5,4724;8,90;10,85;16,76;51,4389;5,4650;7,14;9,18;14,82;51,4528;5,4850;9,59;11,38;16,58;51,4320;5,6272;10,88;12,61;19,69;51,5923;5,7812;11,35;13,32;23,79;51,5305;5,2845;9,69;11,60;21,74;51,3564;5,6358;5,87;7,27;14,90;51,5835;5,5479;9,06;11,16;16,96;51,5092;5,3781;8,69;10,45;15,29;51,4768;5,2616;6,55;8,64;13,95;;;8,56;10,45;16,58;51,4735;5,6531;7,53;9,27;14,78;51,4692;5,6349;6,60;8,28;13,29;51,4775;5,6567;6,93;8,74;14,21;51,4165;5,1264;6,00;7,54;12,68;51,4903;5,3940;7,17;8,84;13,87
2021-09-13 00:00:00;2021-09-13 02:00:00;51,4379;5,3581;5,45;6,43;10,77;12755;51,5108;5,3607;5,46;6,37;10,54;51,4914;5,4392;4,80;5,97;11,44;51,4025;5,3514;12,17;13,23;17,82;51,4567;5,4383;3,98;4,70;9,07;51,4464;5,4484;5,96;7,15;11,30;51,4421;5,4845;6,06;7,31;11,43;51,3706;5,1565;6,10;6,99;10,94;51,4454;5,4854;6,36;7,48;11,34;51,4413;5,4715;17,77;19,06;23,42;51,4815;5,5199;3,84;4,62;8,83;51,4681;5,3901;4,47;5,41;9,96;11194;51,3468;5,3887;8,09;8,90;13,65;51,4135;5,4708;5,76;6,68;10,24;51,5697;5,3113;4,19;5,00;9,57;51,4332;5,5197;4,80;5,69;10,36;51,4371;5,4233;5,18;6,17;11,15;51,4585;5,4049;7,58;8,87;13,43;51,4444;5,4787;6,57;7,73;12,13;51,4545;5,3887;5,27;6,52;10,67;10520;51,4492;5,4569;8,47;9,82;14,25;;;;;;51,4374;5,4516;6,60;7,38;12,01;51,4797;5,4751;4,27;5,32;9,45;51,5296;5,4719;7,29;8,33;13,00;51,4384;5,4818;7,27;8,57;12,91;51,4686;5,4723;7,61;8,87;12,85;51,4389;5,4650;5,96;7,41;11,64;51,4528;5,4851;8,46;9,69;13,72;51,4320;5,6272;7,95;8,87;13,97;51,5923;5,7812;7,22;8,24;13,55;51,5304;5,2845;5,42;6,26;10,84;51,3565;5,6357;5,28;6,10;12,14;51,5835;5,5479;4,55;5,45;9,03;51,5092;5,3781;6,59;7,60;11,30;51,4769;5,2616;3,88;4,86;8,34;;;6,94;8,33;13,45;51,4736;5,6531;5,96;7,10;10,85;51,4692;5,6348;5,24;6,31;10,21;51,4775;5,6567;6,05;7,27;11,38;51,4165;5,1266;3,33;4,27;8,21;51,4903;5,3940;5,67;6,69;10,59
2021-09-14 00:00:00;2021-09-14 02:00:00;51,4379;5,3581;18,19;19,96;24,52;23299;51,5108;5,3606;12,80;14,18;18,84;51,4914;5,4392;11,04;12,59;18,34;51,4025;5,3514;23,08;24,85;30,37;51,4569;5,4384;10,56;11,66;15,54;51,4464;5,4486;14,08;15,66;19,96;51,4422;5,4845;13,67;15,10;19,24;51,3706;5,1565;15,01;16,31;20,69;51,4454;5,4854;13,92;15,39;19,45;51,4414;5,4714;16,63;18,24;22,74;51,4815;5,5199;9,60;10,91;15,16;51,4681;5,3901;13,30;14,65;19,64;23330;51,3468;5,3887;17,29;18,61;23,47;51,4136;5,4708;16,10;17,56;21,95;51,5696;5,3114;14,10;15,39;20,66;51,4332;5,5198;10,53;11,80;16,74;51,4371;5,4233;12,43;14,11;19,40;51,4583;5,4050;17,55;19,47;24,08;51,4444;5,4788;14,54;16,18;20,60;51,4545;5,3887;14,35;16,03;20,15;18008;51,4492;5,4569;16,95;18,72;23,38;;;;;;51,4374;5,4516;14,01;15,34;19,93;51,4797;5,4751;10,67;12,10;16,01;51,5295;5,4719;15,51;16,87;21,83;51,4390;5,4819;15,56;17,29;21,78;51,4686;5,4723;16,33;18,03;22,43;51,4390;5,4650;13,51;15,28;19,93;51,4528;5,4851;17,34;18,98;23,67;51,4320;5,6272;15,12;16,66;21,65;51,5923;5,7812;15,62;17,15;23,96;51,5305;5,2846;16,31;18,00;24,38;51,3564;5,6359;11,71;13,09;20,30;51,5835;5,5480;14,78;16,51;20,65;51,5091;5,3781;14,42;16,26;20,38;51,4769;5,2616;10,78;12,24;15,88;;;13,53;15,40;20,78;51,4735;5,6531;12,92;14,71;18,90;51,4693;5,6349;12,19;13,87;18,26;51,4775;5,6567;12,42;14,26;18,42;51,4165;5,1265;14,19;15,42;19,37;51,4904;5,3941;13,43;14,83;18,96
2021-09-15 00:00:00;2021-09-15 02:00:00;51,4379;5,3581;11,11;13,26;19,45;11604;51,5108;5,3606;8,57;10,47;17,29;51,4914;5,4392;7,70;9,41;16,59;51,4025;5,3514;15,58;17,69;24,40;51,4568;5,4382;7,21;8,54;14,12;51,4465;5,4483;9,31;11,15;15,87;51,4423;5,4844;9,81;11,65;16,37;51,3706;5,1565;10,04;11,71;17,91;51,4454;5,4854;9,19;10,90;15,46;51,4415;5,4714;8,28;10,13;15,04;51,4815;5,5199;7,12;8,67;14,50;51,4681;5,3901;8,95;10,54;16,41;11016;51,3468;5,3887;11,62;13,46;19,88;51,4137;5,4708;10,90;12,76;17,56;51,5696;5,3114;7,89;9,30;15,71;51,4332;5,5198;7,98;9,69;15,78;51,4372;5,4233;8,23;9,89;16,16;51,4584;5,4050;11,29;13,31;19,09;51,4445;5,4788;9,83;11,69;16,77;51,4545;5,3887;10,24;12,19;17,07;14144;51,4492;5,4569;11,65;13,69;18,95;;;;;;51,4374;5,4516;8,88;10,33;15,85;51,4797;5,4751;8,23;9,92;14,10;51,5295;5,4718;10,45;12,05;18,12;51,4387;5,4818;11,51;13,61;18,72;51,4686;5,4723;10,79;12,70;18,11;51,4391;5,4650;10,17;12,21;17,41;51,4528;5,4851;11,64;13,59;18,57;51,4320;5,6272;12,59;14,73;21,73;51,5923;5,7812;12,82;14,65;21,55;51,5304;5,2845;9,70;11,39;18,89;51,3564;5,6359;9,47;11,07;17,93;51,5835;5,5480;8,52;10,47;15,58;51,5091;5,3781;9,04;11,09;15,68;51,4769;5,2616;7,89;9,96;15,22;;;11,01;13,15;19,62;51,4735;5,6531;9,46;11,32;15,82;51,4693;5,6348;8,93;10,68;15,40;51,4777;5,6567;8,81;10,84;15,72;51,4165;5,1264;7,97;9,55;14,72;51,4904;5,3941;8,93;10,59;15,41
2021-09-16 00:00:00;2021-09-16 02:00:00;51,4379;5,3582;8,24;9,43;13,81;12412;51,5108;5,3606;7,01;8,09;12,91;51,4914;5,4392;5,34;6,63;13,19;51,4025;5,3514;12,97;14,08;18,78;51,4568;5,4383;4,59;5,37;9,91;51,4464;5,4485;7,36;8,68;12,59;51,4421;5,4845;8,00;9,33;13,75;51,3707;5,1565;8,71;9,61;13,66;51,4454;5,4854;7,41;8,60;12,62;51,4414;5,4714;6,38;7,69;11,87;51,4815;5,5199;4,90;5,90;10,49;51,4681;5,3901;6,14;7,10;11,61;12475;51,3468;5,3887;9,15;10,11;14,95;51,4137;5,4708;6,58;7,58;11,52;51,5696;5,3114;5,12;5,90;10,64;51,4331;5,5197;6,14;7,24;12,92;51,4372;5,4233;6,30;7,36;12,43;51,4584;5,4049;8,51;9,79;14,38;51,4447;5,4788;8,37;9,72;14,44;51,4546;5,3887;8,31;9,63;13,97;15958;51,4492;5,4570;9,86;11,18;15,95;;;;;;51,4373;5,4514;8,43;9,40;14,02;51,4797;5,4751;4,77;5,82;9,67;51,5295;5,4719;8,43;9,52;14,60;51,4384;5,4820;9,63;11,09;15,55;51,4686;5,4723;8,39;9,66;14,30;51,4391;5,4650;7,64;9,11;13,92;51,4528;5,4851;9,68;11,00;15,29;51,4320;5,6272;8,46;9,70;15,31;51,5923;5,7812;9,70;11,03;18,82;51,5304;5,2846;7,43;8,49;13,84;51,3566;5,6357;5,71;6,59;12,12;51,5835;5,5480;7,32;8,63;13,42;51,5091;5,3781;7,67;8,88;12,73;51,4768;5,2616;5,77;7,16;11,45;;;7,73;9,28;14,58;51,4735;5,6531;6,83;8,09;11,94;51,4693;5,6348;6,38;7,58;11,79;51,4775;5,6568;7,05;8,48;12,83;51,4165;5,1265;5,62;6,51;10,43;51,4904;5,3941;6,45;7,53;11,63
2021-09-17 00:00:00;2021-09-17 02:00:00;51,4379;5,3581;20,99;23,72;27,48;14495;51,5108;5,3606;16,74;18,42;22,44;51,4915;5,4392;14,91;16,72;21,35;51,4025;5,3514;25,36;28,38;33,91;51,4569;5,4385;14,16;15,86;19,49;51,4465;5,4484;19,38;21,38;25,12;51,4421;5,4845;21,77;23,52;27,23;51,3707;5,1565;19,98;21,83;26,02;51,4454;5,4854;18,52;20,66;24,22;51,4416;5,4713;15,39;17,75;21,63;51,4815;5,5199;11,73;13,12;16,63;51,4681;5,3901;16,51;18,32;22,19;16700;51,3468;5,3887;20,53;22,74;26,87;51,4137;5,4708;18,34;20,61;24,04;51,5696;5,3114;14,77;16,03;19,98;51,4332;5,5198;14,75;16,68;20,74;51,4372;5,4233;16,30;18,42;22,65;51,4584;5,4049;22,29;25,02;29,39;51,4448;5,4788;20,68;23,38;27,62;51,4547;5,3887;20,00;21,83;25,63;17573;51,4492;5,4569;24,85;27,46;31,90;;;;;;51,4373;5,4513;17,36;19,83;24,26;51,4797;5,4751;17,10;18,28;21,71;51,5295;5,4719;20,16;22,00;26,89;51,4388;5,4819;24,12;27,06;31,42;51,4686;5,4723;23,02;25,51;29,26;51,4391;5,4650;21,81;23,79;27,59;51,4528;5,4850;23,61;25,95;30,02;51,4320;5,6272;18,54;20,59;25,04;51,5923;5,7812;22,54;24,98;31,93;51,5304;5,2845;16,67;18,59;23,26;51,3564;5,6360;14,15;15,49;19,48;51,5835;5,5480;18,24;20,80;24,85;51,5091;5,3781;17,97;20,91;24,78;51,4769;5,2616;13,53;15,12;18,45;;;19,39;21,37;25,35;51,4735;5,6531;17,16;19,82;23,60;51,4692;5,6349;16,28;18,21;21,58;51,4775;5,6567;17,66;20,68;24,88;51,4165;5,1265;14,55;15,95;19,58;51,4904;5,3941;18,67;20,56;24,18
2021-09-18 00:00:00;2021-09-18 02:00:00;51,4379;5,3581;15,73;17,71;21,61;16916;51,5108;5,3606;12,06;13,07;16,75;51,4915;5,4392;13,30;14,80;19,09;51,4025;5,3515;21,39;23,32;26,65;51,4569;5,4384;13,42;15,39;18,75;51,4464;5,4482;17,77;19,78;22,88;51,4421;5,4845;20,00;21,72;24,38;51,3707;5,1566;17,28;19,30;23,13;51,4454;5,4854;16,27;18,35;21,33;51,4415;5,4714;14,09;16,27;19,66;51,4815;5,5199;10,21;11,14;14,27;51,4681;5,3901;13,37;14,71;18,57;15041;51,3468;5,3887;18,49;20,26;23,98;51,4137;5,4708;16,13;18,13;21,08;51,5696;5,3114;12,10;12,98;16,91;51,4332;5,5198;12,45;13,69;17,05;51,4372;5,4233;13,98;15,79;19,77;51,4585;5,4049;20,33;23,12;26,93;51,4448;5,4788;18,18;20,88;24,20;51,4546;5,3887;15,69;17,28;20,84;13446;51,4492;5,4570;22,23;25,59;29,75;;;;;;51,4373;5,4513;15,24;17,54;21,60;51,4797;5,4751;14,96;16,06;18,98;51,5295;5,4719;16,45;17,65;22,04;51,4389;5,4820;21,48;24,41;27,70;51,4686;5,4723;20,88;23,18;26,29;51,4391;5,4650;19,51;21,44;24,76;51,4528;5,4850;21,48;23,54;26,53;51,4320;5,6272;17,08;18,86;22,72;51,5923;5,7812;16,53;17,75;22,16;51,5303;5,2845;13,28;14,44;18,38;51,3564;5,6359;13,75;14,98;19,48;51,5835;5,5480;13,02;14,19;17,18;51,5091;5,3781;13,81;15,62;18,97;51,4769;5,2616;11,72;12,93;16,13;;;17,79;19,68;23,08;51,4735;5,6531;15,16;17,40;20,66;51,4692;5,6349;14,57;16,49;19,74;51,4776;5,6568;16,03;18,87;22,39;51,4165;5,1265;16,12;17,67;20,44;51,4904;5,3941;16,01;17,46;20,58
2021-09-19 00:00:00;2021-09-19 02:00:00;51,4379;5,3581;7,22;8,08;11,16;16479;51,5108;5,3606;5,75;6,33;9,68;51,4915;5,4392;4,83;5,48;9,37;51,4025;5,3514;11,85;12,62;16,10;51,4568;5,4383;4,32;4,82;7,88;51,4465;5,4483;5,69;6,36;9,38;51,4422;5,4844;5,73;6,41;9,24;51,3707;5,1565;7,69;8,39;11,91;51,4454;5,4854;5,41;6,07;8,93;51,4415;5,4714;4,96;5,67;8,67;51,4815;5,5199;4,34;4,86;7,84;51,4681;5,3901;5,21;5,82;9,28;16392;51,3468;5,3887;8,77;9,39;12,74;51,4137;5,4708;6,43;7,11;9,84;51,5696;5,3114;6,08;6,59;10,23;51,4332;5,5198;4,47;5,01;8,34;51,4372;5,4233;5,90;6,64;10,21;51,4585;5,4049;7,33;8,12;11,20;51,4445;5,4788;5,83;6,54;9,38;51,4546;5,3887;5,46;6,15;9,10;12721;51,4492;5,4569;7,37;8,10;11,13;;;;;;51,4373;5,4513;6,54;7,22;10,33;51,4797;5,4751;4,90;5,50;8,38;51,5295;5,4719;6,69;7,30;10,72;51,4388;5,4820;6,65;7,37;10,30;51,4686;5,4723;6,79;7,56;10,61;51,4391;5,4650;5,70;6,45;9,60;51,4528;5,4851;7,53;8,25;11,36;51,4320;5,6272;7,78;8,48;11,87;51,5923;5,7812;7,31;7,86;11,31;51,5305;5,2845;7,68;8,38;12,14;51,3564;5,6360;5,85;6,55;12,24;51,5835;5,5480;5,93;6,52;9,30;51,5091;5,3781;6,10;6,82;9,58;51,4768;5,2616;5,02;5,71;8,44;;;5,77;6,50;10,13;51,4735;5,6531;5,84;6,61;9,40;51,4692;5,6347;4,89;5,62;8,64;51,4777;5,6568;5,31;6,10;9,03;51,4165;5,1265;5,88;6,44;9,26;51,4904;5,3941;5,31;5,97;8,91
2021-09-20 00:00:00;2021-09-20 02:00:00;51,4379;5,3581;11,89;13,16;17,03;16652;51,5108;5,3607;8,56;9,34;13,00;51,4915;5,4392;6,94;7,86;12,45;51,4025;5,3514;16,08;17,28;21,81;51,4569;5,4384;7,34;8,09;11,78;51,4465;5,4481;9,52;10,46;13,87;51,4423;5,4844;8,65;9,48;12,82;51,3707;5,1565;11,76;12,74;16,83;51,4454;5,4854;8,45;9,28;12,60;51,4415;5,4714;7,32;8,26;11,79;51,4815;5,5199;6,99;7,85;11,52;51,4681;5,3901;8,71;9,66;14,47;13638;51,3468;5,3887;13,95;15,01;19,86;51,4137;5,4708;9,72;10,66;14,16;51,5696;5,3114;7,95;8,72;13,08;51,4332;5,5197;7,56;8,36;12,25;51,4372;5,4233;8,45;9,36;13,38;51,4585;5,4049;11,53;12,72;16,53;51,4444;5,4788;9,24;10,20;13,85;51,4546;5,3887;9,34;10,34;13,66;12590;51,4492;5,4569;10,77;11,72;15,39;51,4351;5,4799;5,25;6,12;10,10;51,4373;5,4513;9,56;10,30;13,92;51,4797;5,4751;7,73;8,51;11,98;51,5295;5,4719;9,81;10,79;15,45;51,4384;5,4817;10,57;11,62;15,19;51,4686;5,4723;10,66;11,73;15,46;51,4391;5,4650;8,96;10,05;14,03;51,4527;5,4851;11,49;12,41;16,00;51,4320;5,6272;11,45;12,52;16,78;51,5923;5,7812;10,51;11,39;15,82;51,5305;5,2846;10,30;11,32;16,09;51,3563;5,6361;8,66;9,59;15,86;51,5835;5,5480;7,97;8,92;12,21;51,5092;5,3781;9,08;10,18;13,47;51,4768;5,2616;7,09;7,97;11,18;;;8,76;9,70;13,81;51,4735;5,6531;8,80;9,79;13,10;51,4692;5,6347;11,92;12,87;16,27;51,4779;5,6567;7,95;8,96;12,34;51,4165;5,1265;9,78;10,71;14,13;51,4904;5,3941;8,71;9,67;13,08
2021-09-21 00:00:00;2021-09-21 02:00:00;51,4379;5,3582;9,97;11,08;14,85;14468;51,5108;5,3607;7,78;8,75;12,80;51,4915;5,4392;6,28;7,42;12,62;51,4025;5,3514;15,48;16,71;21,41;51,4567;5,4382;6,17;6,86;10,33;51,4464;5,4485;8,08;9,13;12,46;51,4423;5,4844;8,43;9,44;12,81;51,3707;5,1565;9,80;10,64;14,65;51,4454;5,4854;8,13;9,14;12,43;51,4414;5,4714;7,03;8,12;11,58;51,4815;5,5199;6,00;6,76;10,36;51,4681;5,3901;7,29;8,26;12,24;14098;51,3468;5,3887;10,65;11,63;15,83;51,4137;5,4708;8,18;9,17;12,58;51,5696;5,3114;5,71;6,34;10,35;51,4331;5,5197;7,18;8,16;12,10;51,4372;5,4233;7,16;8,05;12,11;51,4585;5,4049;9,99;11,26;15,21;51,4444;5,4788;8,95;10,08;13,50;51,4546;5,3887;8,44;9,73;13,65;15808;51,4491;5,4569;9,56;10,60;14,19;51,4351;5,4799;7,46;8,66;12,85;51,4373;5,4513;9,03;9,90;13,62;51,4797;5,4751;5,79;6,69;9,82;51,5295;5,4718;8,87;9,80;13,87;51,4382;5,4818;10,71;12,00;15,73;51,4686;5,4723;9,80;10,90;14,47;51,4391;5,4650;8,49;9,75;13,65;51,4528;5,4850;11,33;12,50;16,10;51,4320;5,6272;11,05;12,15;16,43;51,5923;5,7813;11,19;12,44;18,17;51,5305;5,2846;7,67;8,40;12,36;51,3563;5,6361;7,54;8,43;14,37;51,5835;5,5480;8,86;10,23;14,32;51,5093;5,3781;8,55;9,72;13,06;51,4769;5,2616;5,16;5,97;8,90;;;9,67;10,90;15,24;51,4735;5,6531;9,51;10,79;14,31;51,4693;5,6348;16,20;17,52;21,62;51,4776;5,6568;8,85;10,19;13,62;51,4165;5,1265;6,19;7,18;13,14;51,4904;5,3941;7,71;9,01;13,09
2021-09-22 00:00:00;2021-09-22 02:00:00;51,4379;5,3581;18,72;21,68;26,47;18312;51,5108;5,3607;14,82;17,28;22,93;51,4915;5,4392;11,84;13,43;18,47;51,4025;5,3514;21,27;24,73;31,90;51,4569;5,4385;11,19;12,54;16,46;51,4464;5,4485;15,50;17,42;21,73;51,4423;5,4844;15,52;17,09;21,29;51,3707;5,1565;16,32;17,80;22,11;51,4454;5,4854;15,28;17,16;21,26;51,4415;5,4714;11,94;13,78;18,42;51,4815;5,5199;10,30;11,51;15,36;51,4681;5,3901;15,05;17,31;21,86;22277;51,3468;5,3887;16,09;17,73;23,20;51,4137;5,4708;14,33;16,00;20,11;51,5696;5,3114;11,56;12,67;17,46;51,4332;5,5197;13,54;15,50;20,43;51,4372;5,4233;13,34;15,13;19,92;51,4585;5,4049;18,32;20,46;25,14;51,4444;5,4788;16,52;18,52;23,00;51,4546;5,3887;16,92;19,21;23,86;17768;51,4492;5,4569;19,93;22,00;27,00;51,4351;5,4799;12,58;14,22;19,44;51,4373;5,4513;15,13;16,84;21,42;51,4797;5,4751;12,99;14,28;18,05;51,5295;5,4719;16,90;18,57;23,90;51,4389;5,4822;19,15;21,40;26,19;51,4686;5,4723;19,07;21,23;25,81;51,4391;5,4650;16,09;17,85;22,32;51,4528;5,4850;20,00;22,03;26,82;51,4320;5,6272;14,57;16,13;20,94;51,5923;5,7812;19,16;21,46;30,11;51,5305;5,2846;14,54;16,18;21,59;51,3565;5,6357;11,27;12,68;20,11;51,5835;5,5480;15,39;17,46;21,83;51,5093;5,3781;15,84;19,21;23,56;51,4769;5,2616;11,90;13,46;17,35;;;14,61;16,52;21,34;51,4735;5,6531;13,71;15,69;19,70;51,4692;5,6347;18,99;20,71;24,91;51,4780;5,6567;14,28;16,61;20,80;51,4165;5,1265;12,95;14,10;17,76;51,4904;5,3941;15,82;18,92;23,78
2021-09-23 00:00:00;2021-09-23 02:00:00;51,4379;5,3581;17,96;21,57;28,40;17562;51,5108;5,3607;13,21;15,77;22,97;51,4915;5,4392;11,53;14,01;22,69;51,4025;5,3514;21,59;24,82;31,94;51,4568;5,4384;11,01;12,92;18,94;51,4465;5,4483;13,89;16,11;21,39;51,4423;5,4844;14,75;17,13;23,10;51,3707;5,1565;15,54;17,70;23,96;51,4454;5,4854;13,69;16,16;21,80;51,4416;5,4713;11,20;13,77;20,17;51,4815;5,5199;11,36;13,50;20,22;51,4681;5,3901;14,76;17,59;23,69;17241;51,3468;5,3887;16,88;19,05;26,06;51,4137;5,4708;14,14;16,41;21,64;51,5696;5,3114;12,92;15,14;23,12;51,4332;5,5197;12,65;15,14;22,65;51,4372;5,4233;12,86;15,28;22,29;51,4585;5,4049;17,84;21,00;27,43;51,4447;5,4787;14,63;17,10;23,05;51,4546;5,3887;15,86;18,73;24,51;18936;51,4492;5,4569;17,70;20,40;26,61;51,4351;5,4799;12,00;14,32;21,69;51,4373;5,4513;13,46;15,55;21,68;51,4797;5,4751;12,41;14,39;19,65;51,5295;5,4719;15,25;17,56;24,56;51,4392;5,4817;17,82;20,63;26,73;51,4686;5,4723;17,14;19,88;25,97;51,4391;5,4650;15,53;18,14;24,77;51,4528;5,4850;18,10;20,78;28,21;51,4320;5,6272;16,76;19,28;26,98;51,5923;5,7812;16,29;19,21;31,10;51,5304;5,2846;15,64;18,51;29,03;51,3565;5,6357;12,39;14,36;24,86;51,5835;5,5480;12,77;15,62;22,14;51,5091;5,3782;13,79;17,42;22,85;51,4768;5,2616;13,14;16,07;21,65;;;14,51;17,08;24,55;51,4735;5,6531;12,19;14,64;19,79;51,4692;5,6347;18,79;21,15;26,29;51,4782;5,6568;12,31;14,89;20,25;51,4165;5,1265;14,18;16,33;22,11;51,4904;5,3941;14,58;17,63;23,42
2021-09-24 00:00:00;2021-09-24 02:00:00;51,4379;5,3581;15,83;19,43;25,08;11515;51,5108;5,3607;12,91;15,77;22,76;51,4915;5,4392;11,07;14,30;22,37;51,4025;5,3514;19,01;22,21;28,79;51,4567;5,4382;10,04;12,23;17,80;51,4465;5,4483;13,17;15,85;20,71;51,4423;5,4844;13,91;16,60;22,19;51,3707;5,1565;13,21;15,76;21,46;51,4454;5,4854;12,73;15,51;20,33;51,4416;5,4714;10,21;13,19;19,64;51,4815;5,5199;10,59;13,31;19,64;51,4681;5,3901;13,07;15,85;21,76;11895;51,3468;5,3887;13,70;15,79;22,51;51,4137;5,4708;12,12;14,65;19,46;51,5696;5,3113;13,24;16,16;23,40;51,4332;5,5198;10,98;13,60;20,66;51,4372;5,4233;12,43;15,49;22,57;51,4585;5,4049;16,03;19,59;25,30;51,4447;5,4787;13,26;16,23;21,99;51,4547;5,3887;14,75;17,87;23,03;11069;51,4492;5,4569;16,09;18,97;24,34;51,4351;5,4799;10,66;13,34;20,25;51,4373;5,4513;11,93;14,24;20,41;51,4797;5,4751;12,27;14,62;19,15;51,5295;5,4718;15,45;18,24;25,16;51,4389;5,4815;16,58;19,79;25,44;51,4686;5,4723;16,23;19,66;25,57;51,4391;5,4650;14,07;16,95;22,35;51,4528;5,4851;16,63;19,84;26,08;51,4320;5,6272;14,61;17,40;24,34;51,5923;5,7813;15,79;19,42;33,83;51,5303;5,2849;15,76;20,06;30,99;51,3566;5,6355;10,74;12,77;20,77;51,5835;5,5480;13,44;17,22;24,05;51,5091;5,3782;12,99;16,61;21,31;51,4768;5,2617;12,18;15,66;20,73;;;12,98;15,81;22,57;51,4735;5,6531;10,64;13,48;18,96;51,4692;5,6348;17,56;20,09;24,74;51,4781;5,6568;10,30;13,16;18,14;51,4164;5,1265;12,87;15,84;21,42;51,4904;5,3941;13,88;16,93;22,72
2021-09-25 00:00:00;2021-09-25 02:00:00;51,4379;5,3581;14,24;16,09;20,09;13707;51,5108;5,3606;10,84;12,09;16,44;51,4915;5,4392;9,51;10,84;15,60;51,4025;5,3514;17,76;19,40;24,03;51,4567;5,4382;7,63;8,64;12,62;51,4465;5,4481;12,14;13,58;17,48;51,4423;5,4844;13,27;14,59;18,29;51,3706;5,1565;12,44;13,67;17,62;51,4454;5,4854;11,53;12,91;16,58;51,4415;5,4715;9,35;10,82;14,67;51,4815;5,5199;8,43;9,61;13,43;51,4681;5,3901;10,79;11,94;15,93;13964;51,3468;5,3887;13,55;14,90;19,58;51,4137;5,4708;11,96;13,48;17,09;51,5696;5,3113;11,05;12,20;16,82;51,4332;5,5198;10,43;11,78;16,02;51,4372;5,4233;10,43;11,94;16,53;51,4585;5,4049;13,74;15,50;19,68;51,4448;5,4787;12,47;14,04;17,92;51,4546;5,3887;12,09;13,50;17,30;11590;51,4491;5,4569;15,05;16,86;21,16;51,4351;5,4799;10,37;11,81;16,56;51,4373;5,4513;11,54;12,90;16,89;51,4797;5,4751;9,65;10,74;14,42;51,5295;5,4719;13,35;14,74;19,84;51,4388;5,4817;14,49;16,25;20,34;51,4686;5,4723;14,26;15,98;19,96;51,4391;5,4650;12,94;14,50;18,47;51,4528;5,4851;14,77;16,33;20,50;51,4320;5,6272;15,58;17,29;21,77;51,5923;5,7812;14,42;16,04;22,58;51,5304;5,2845;12,66;14,19;20,14;51,3566;5,6356;12,18;13,61;19,55;51,5835;5,5480;12,29;14,06;18,10;51,5091;5,3782;11,68;13,47;17,15;51,4768;5,2617;9,71;11,02;14,65;;;13,67;15,35;19,74;51,4735;5,6531;11,89;13,69;17,39;51,4692;5,6349;18,10;19,77;23,92;51,4781;5,6568;11,13;12,95;16,51;51,4165;5,1265;9,77;10,77;14,33;51,4904;5,3942;10,90;12,14;15,57
2021-09-26 00:00:00;2021-09-26 02:00:00;51,4379;5,3581;15,48;17,37;21,43;14290;51,5108;5,3607;10,79;12,15;16,89;51,4915;5,4392;9,74;11,46;16,60;51,4025;5,3514;19,86;21,60;26,68;51,4567;5,4382;9,21;10,68;15,01;51,4466;5,4483;11,63;13,42;17,43;51,4423;5,4844;15,54;17,25;21,20;51,3706;5,1565;13,51;14,69;18,72;51,4454;5,4854;11,74;13,59;17,42;51,4416;5,4714;9,15;11,18;15,24;51,4815;5,5199;8,62;9,83;13,82;51,4681;5,3901;11,04;12,39;16,38;18724;51,3468;5,3887;14,36;15,59;19,93;51,4137;5,4707;12,53;14,60;18,75;51,5696;5,3114;11,11;12,21;16,67;51,4332;5,5198;9,43;10,98;15,89;51,4372;5,4233;10,52;12,22;16,86;51,4585;5,4049;14,40;16,25;20,43;51,4447;5,4787;13,11;15,27;19,56;51,4546;5,3887;12,36;14,14;18,40;15368;51,4492;5,4569;14,28;16,30;20,65;51,4353;5,4802;9,88;11,83;16,74;51,4373;5,4513;12,26;13,73;18,43;51,4797;5,4751;9,41;10,94;14,54;51,5295;5,4719;13,19;14,81;19,42;51,4386;5,4818;14,34;16,62;21,08;51,4686;5,4723;14,19;16,20;20,35;51,4391;5,4650;12,07;14,11;18,14;51,4528;5,4851;15,06;17,01;21,43;51,4320;5,6272;13,20;14,47;18,88;51,5923;5,7812;13,83;15,26;23,67;51,5305;5,2846;14,70;16,59;22,98;51,3563;5,6361;9,55;10,65;16,27;51,5835;5,5480;12,43;14,01;18,07;51,5091;5,3782;11,92;13,74;17,48;51,4768;5,2617;10,32;11,77;15,43;;;11,70;13,16;17,43;51,4735;5,6531;10,96;12,50;16,23;51,4692;5,6349;17,52;18,85;23,13;51,4777;5,6568;10,15;11,66;15,32;51,4165;5,1264;12,26;13,40;16,86;51,4904;5,3941;11,12;12,56;16,45
2021-09-27 00:00:00;2021-09-27 02:00:00;51,4379;5,3581;7,20;8,61;13,55;9736;51,5108;5,3606;5,85;7,21;13,22;51,4915;5,4392;4,65;6,14;12,67;51,4025;5,3514;11,88;13,24;18,52;51,4567;5,4382;4,55;5,51;10,44;51,4465;5,4481;6,09;7,51;11,78;51,4422;5,4844;9,85;11,27;15,61;51,3706;5,1565;7,73;8,94;14,04;51,4454;5,4854;5,65;7,00;11,44;51,4414;5,4714;5,25;6,78;11,85;51,4815;5,5199;4,83;6,13;11,41;51,4681;5,3901;5,33;6,48;11,10;13372;51,3468;5,3887;8,17;9,35;14,66;51,4136;5,4707;5,96;7,20;11,62;51,5696;5,3113;6,23;7,40;13,17;51,4332;5,5197;6,39;7,86;13,76;51,4372;5,4233;6,28;7,84;13,99;51,4585;5,4049;7,47;8,97;14,17;51,4445;5,4787;6,18;7,67;12,61;51,4546;5,3887;6,03;7,65;12,70;10839;51,4492;5,4569;7,75;9,29;14,33;51,4351;5,4799;5,14;6,60;12,28;51,4374;5,4513;6,63;7,63;13,07;51,4797;5,4751;4,19;5,49;9,64;51,5296;5,4719;6,85;8,28;14,15;51,4385;5,4816;7,51;9,06;13,74;51,4686;5,4723;6,82;8,30;12,96;51,4391;5,4650;6,05;7,80;13,23;51,4527;5,4852;7,86;9,29;13,83;51,4320;5,6272;8,45;9,77;15,83;51,5923;5,7813;9,28;10,90;21,36;51,5304;5,2845;7,84;9,29;17,29;51,3565;5,6354;5,93;7,12;13,75;51,5835;5,5480;6,53;8,20;13,54;51,5091;5,3782;6,30;7,68;11,92;51,4768;5,2617;5,58;7,18;11,54;;;6,92;8,56;14,51;51,4735;5,6531;6,35;7,80;12,41;51,4692;5,6347;13,53;14,98;19,52;51,4777;5,6568;5,65;7,18;11,72;51,4165;5,1265;6,09;7,31;11,57;51,4904;5,3942;5,76;7,18;11,59
2021-09-28 00:00:00;2021-09-28 02:00:00;51,4379;5,3581;5,03;7,21;14,15;11288;51,5108;5,3606;4,62;6,75;14,70;51,4915;5,4392;3,79;6,14;15,60;51,4025;5,3514;9,61;11,62;19,19;51,4567;5,4382;3,64;5,21;12,21;51,4465;5,4483;4,99;7,23;13,37;51,4422;5,4844;6,15;8,42;14,32;51,3706;5,1565;5,98;7,74;14,53;51,4454;5,4854;4,34;6,43;12,41;51,4415;5,4713;4,44;6,81;13,07;51,4815;5,5199;3,85;5,84;13,68;51,4681;5,3901;3,88;5,73;12,05;13487;51,3468;5,3887;6,72;8,48;15,81;51,4136;5,4707;4,16;6,08;12,03;51,5696;5,3114;4,71;6,64;15,15;51,4332;5,5197;4,96;7,03;15,63;51,4372;5,4233;4,86;7,06;15,91;51,4585;5,4049;5,90;8,32;15,82;51,4445;5,4787;5,44;7,79;14,29;51,4546;5,3887;5,12;7,88;14,80;12186;51,4491;5,4569;6,12;8,57;15,42;51,4351;5,4799;4,40;6,78;15,68;51,4373;5,4513;4,86;6,35;14,47;51,4797;5,4751;4,35;6,65;12,26;51,5295;5,4719;5,96;8,28;16,17;51,4389;5,4818;6,25;8,68;15,78;51,4686;5,4723;5,34;7,68;14,40;51,4391;5,4650;5,56;8,24;14,16;51,4527;5,4852;6,07;8,46;14,43;51,4320;5,6272;6,20;8,26;17,18;51,5923;5,7812;6,32;9,04;25,35;51,5305;5,2846;6,11;8,61;20,74;51,3565;5,6357;4,85;6,80;17,10;51,5835;5,5480;4,48;7,35;15,25;51,5091;5,3782;4,51;6,71;12,85;51,4768;5,2617;4,17;6,68;12,69;;;5,53;8,34;16,81;51,4735;5,6531;4,42;6,81;14,01;51,4692;5,6347;11,58;13,96;19,25;51,4780;5,6568;5,40;7,86;14,28;51,4165;5,1265;4,36;6,32;11,95;51,4904;5,3941;4,88;7,22;13,59
2021-09-29 00:00:00;2021-09-29 02:00:00;51,4379;5,3581;3,54;4,76;9,46;8756;51,5108;5,3606;3,57;4,89;10,40;51,4915;5,4392;2,28;3,62;9,92;51,4025;5,3514;6,91;8,09;13,04;51,4569;5,4384;2,38;3,27;8,51;51,4464;5,4483;3,10;4,39;8,54;51,4422;5,4844;3,36;4,67;8,88;51,3706;5,1565;4,48;5,60;10,52;51,4454;5,4854;2,94;4,10;8,15;51,4414;5,4713;3,12;4,40;8,47;51,4815;5,5199;2,92;4,07;9,21;51,4681;5,3901;2,38;3,44;8,32;8931;51,3468;5,3887;4,71;5,75;11,04;51,4136;5,4707;2,46;3,52;7,78;51,5696;5,3113;3,50;4,57;9,86;51,4331;5,5198;3,20;4,38;10,10;51,4372;5,4233;3,47;4,69;10,12;51,4585;5,4049;3,80;5,10;10,06;51,4445;5,4787;3,06;4,32;8,85;51,4546;5,3887;3,04;4,46;8,79;9281;51,4491;5,4570;3,55;4,84;9,30;51,4352;5,4799;2,97;4,25;9,57;51,4374;5,4513;3,27;4,13;9,32;51,4797;5,4751;2,08;3,29;7,33;51,5296;5,4719;4,12;5,37;10,70;51,4386;5,4820;4,64;6,06;10,37;51,4686;5,4723;3,23;4,54;9,22;51,4390;5,4650;3,41;4,76;9,01;51,4527;5,4852;4,36;5,65;9,59;51,4320;5,6272;5,50;7,09;12,90;51,5923;5,7812;5,21;6,58;15,18;51,5306;5,2846;4,61;5,94;12,94;51,3564;5,6359;3,70;4,90;11,31;51,5835;5,5480;3,00;4,41;9,48;51,5091;5,3782;3,16;4,33;8,34;51,4768;5,2617;2,82;4,21;8,38;;;3,75;5,26;10,44;51,4735;5,6530;3,60;4,95;9,09;51,4693;5,6347;11,36;12,60;16,29;51,4778;5,6568;6,68;8,05;11,76;51,4165;5,1265;2,60;3,78;8,45;51,4904;5,3941;2,98;4,23;8,21
2021-09-30 00:00:00;2021-09-30 02:00:00;51,4379;5,3581;4,62;6,63;13,24;12475;51,5107;5,3606;4,26;6,28;13,56;51,4915;5,4392;3,13;5,28;13,82;51,4025;5,3514;7,79;9,61;16,37;51,4568;5,4382;3,08;4,50;11,43;51,4465;5,4481;4,08;5,96;11,68;51,4422;5,4844;3,91;5,91;11,49;51,3706;5,1565;5,45;7,19;13,58;51,4454;5,4854;3,60;5,42;10,94;51,4415;5,4714;3,79;5,80;11,36;51,4815;5,5199;3,45;5,39;12,65;51,4681;5,3901;3,23;4,99;11,52;11790;51,3468;5,3887;5,64;7,25;13,95;51,4136;5,4707;3,44;5,06;10,49;51,5696;5,3114;4,34;6,00;13,71;51,4332;5,5198;4,16;5,96;13,93;51,4372;5,4233;4,19;6,13;14,40;51,4585;5,4049;4,72;6,87;13,75;51,4445;5,4788;4,19;6,08;12,08;51,4546;5,3887;4,03;6,16;11,91;11232;51,4492;5,4569;4,59;6,68;12,56;51,4354;5,4799;3,51;5,50;13,35;51,4375;5,4518;3,75;5,03;11,95;51,4797;5,4751;3,21;5,13;10,43;51,5296;5,4719;5,06;7,06;14,73;51,4384;5,4819;5,31;7,37;13,03;51,4686;5,4723;4,29;6,29;12,74;51,4390;5,4650;4,40;6,62;12,17;51,4527;5,4852;5,02;7,02;12,49;51,4320;5,6272;5,54;7,61;16,26;51,5923;5,7812;5,34;7,53;21,72;51,5305;5,2846;5,65;7,98;19,85;51,3564;5,6358;4,89;7,11;16,51;51,5835;5,5480;3,65;6,04;13,46;51,5091;5,3782;3,97;5,90;11,41;51,4768;5,2617;3,68;5,95;11,93;;;4,43;6,76;13,72;51,4735;5,6531;3,69;5,79;12,38;51,4693;5,6348;11,75;13,71;18,16;51,4775;5,6567;7,32;9,57;14,55;51,4165;5,1266;3,66;5,52;11,38;51,4904;5,3941;4,15;6,06;11,41
2021-10-01 00:00:00;2021-10-01 02:00:00;51,4379;5,3581;3,72;5,05;10,27;10301;51,5107;5,3606;3,87;5,52;13,26;51,4915;5,4392;2,24;3,68;11,10;51,4025;5,3514;7,43;8,66;14,04;51,4567;5,4382;2,39;3,43;9,49;51,4466;5,4484;2,90;4,30;9,34;51,4422;5,4844;3,05;4,40;9,45;51,3706;5,1565;4,43;5,64;11,49;51,4454;5,4854;2,61;3,86;9,16;51,4414;5,4715;3,05;4,43;10,07;51,4815;5,5199;2,50;3,75;9,82;51,4681;5,3901;2,20;3,37;9,25;15582;51,3468;5,3887;4,68;5,79;11,74;51,4136;5,4707;2,25;3,37;8,20;51,5696;5,3114;3,29;4,39;10,57;51,4332;5,5197;3,90;5,22;11,18;51,4372;5,4233;3,49;4,81;11,36;51,4585;5,4049;3,57;4,98;10,95;51,4444;5,4788;3,48;4,82;10,12;51,4546;5,3887;2,92;4,37;9,70;9736;51,4492;5,4569;3,64;5,06;10,30;51,4354;5,4798;2,70;4,04;10,24;51,4375;5,4518;2,96;3,81;9,75;51,4797;5,4751;2,06;3,38;8,17;51,5296;5,4719;4,07;5,40;11,45;51,4388;5,4821;4,68;6,19;11,46;51,4686;5,4723;2,93;4,28;9,79;51,4390;5,4650;3,20;4,73;10,11;51,4527;5,4852;3,77;5,18;9,95;51,4320;5,6272;4,20;5,43;12,04;51,5923;5,7812;4,87;6,39;16,09;51,5305;5,2846;4,56;6,14;15,20;51,3566;5,6356;3,36;4,55;11,81;51,5835;5,5480;3,13;4,82;10,20;51,5091;5,3782;3,06;4,41;8,94;51,4768;5,2616;2,61;4,05;8,88;;;3,12;4,65;10,93;51,4736;5,6530;2,70;3,99;9,37;51,4693;5,6348;4,92;6,29;11,41;51,4776;5,6570;5,79;7,11;11,11;51,4165;5,1266;2,61;3,84;8,82;51,4904;5,3941;2,90;4,26;9,22
2021-10-02 00:00:00;2021-10-02 02:00:00;51,4379;5,3581;5,08;6,12;9,95;7959;51,5107;5,3606;4,30;5,36;10,05;51,4915;5,4392;3,35;4,55;10,25;51,4024;5,3515;8,66;9,59;13,53;51,4567;5,4383;2,73;3,46;7,72;51,4465;5,4482;3,37;4,34;7,93;51,4422;5,4844;3,50;4,46;8,02;51,3706;5,1565;5,39;6,39;10,57;51,4454;5,4854;3,01;3,95;7,52;51,4413;5,4714;3,46;4,51;8,02;51,4815;5,5199;2,81;3,66;7,83;51,4681;5,3901;2,89;3,82;7,97;9733;51,3468;5,3887;5,66;6,42;10,44;51,4135;5,4707;2,98;3,84;7,33;51,5696;5,3114;4,12;5,05;9,64;51,4332;5,5198;3,64;4,49;8,81;51,4372;5,4233;3,84;4,83;9,54;51,4585;5,4049;4,51;5,67;9,69;51,4444;5,4788;4,44;5,56;9,28;51,4546;5,3887;3,59;4,73;8,68;7182;51,4491;5,4569;4,48;5,54;9,26;51,4354;5,4798;3,15;4,13;8,65;51,4375;5,4518;4,02;4,71;8,95;51,4797;5,4750;2,44;3,44;7,12;51,5296;5,4719;4,67;5,71;10,18;51,4392;5,4817;4,59;5,67;9,62;51,4686;5,4723;3,83;4,90;8,66;51,4390;5,4650;3,60;4,76;8,58;51,4527;5,4852;4,29;5,27;8,70;51,4320;5,6272;4,76;5,64;9,97;51,5923;5,7813;5,58;6,62;12,90;51,5305;5,2846;6,44;7,86;14,79;51,3565;5,6358;3,24;3,91;8,48;51,5835;5,5480;3,87;5,23;9,31;51,5091;5,3782;4,09;5,18;8,76;51,4768;5,2616;3,34;4,61;8,25;;;3,11;4,05;8,01;51,4735;5,6531;3,38;4,37;7,98;51,4692;5,6347;3,17;4,02;7,72;51,4774;5,6568;6,28;7,17;10,21;51,4165;5,1266;3,75;4,87;8,77;51,4905;5,3941;3,38;4,45;8,04
2021-10-03 00:00:00;2021-10-03 02:00:00;51,4379;5,3582;2,42;2,93;5,94;7504;51,5108;5,3606;3,13;3,78;7,20;51,4915;5,4392;1,82;2,43;6,54;51,4024;5,3515;6,23;6,71;9,72;51,4567;5,4383;1,74;2,16;5,87;51,4465;5,4483;2,21;2,83;5,90;51,4422;5,4844;2,71;3,34;6,40;51,3706;5,1565;3,67;4,24;7,18;51,4454;5,4854;2,39;2,99;5,94;51,4415;5,4713;2,87;3,44;6,24;51,4815;5,5199;2,03;2,54;5,80;51,4681;5,3901;1,07;1,49;5,27;7897;51,3468;5,3887;4,74;5,22;8,41;51,4135;5,4707;2,20;2,73;5,87;51,5696;5,3114;2,25;2,66;5,79;51,4331;5,5197;3,29;3,94;7,50;51,4372;5,4233;2,94;3,54;7,00;51,4584;5,4050;2,52;3,12;6,57;51,4444;5,4788;2,56;3,16;6,26;51,4546;5,3887;1,63;2,16;5,29;9537;51,4491;5,4569;3,32;3,91;6,89;51,4354;5,4798;2,37;2,91;6,31;51,4375;5,4517;2,59;2,98;6,21;51,4797;5,4750;1,30;1,83;4,93;51,5296;5,4719;2,85;3,34;6,89;51,4385;5,4816;4,05;4,79;7,71;51,4686;5,4723;2,16;2,77;5,85;51,4390;5,4650;2,44;3,09;6,11;51,4528;5,4851;3,20;3,79;6,81;51,4320;5,6272;4,40;4,99;8,53;51,5923;5,7812;4,63;5,23;9,85;51,5304;5,2846;3,74;4,35;8,62;51,3564;5,6359;3,22;3,72;7,87;51,5836;5,5479;1,78;2,36;5,38;51,5091;5,3782;1,98;2,47;5,23;51,4768;5,2616;1,60;2,16;5,13;;;2,63;3,24;6,68;51,4735;5,6531;2,87;3,45;6,54;51,4693;5,6347;2,72;3,26;6,09;51,4774;5,6567;5,46;6,05;8,77;51,4165;5,1266;1,30;1,75;4,96;51,4904;5,3941;1,58;2,04;5,14
2021-10-04 00:00:00;2021-10-04 02:00:00;51,4379;5,3581;2,82;4,03;9,05;9402;51,5108;5,3606;4,06;5,53;11,40;51,4915;5,4392;1,75;3,11;10,28;51,4024;5,3515;6,62;7,72;12,96;51,4568;5,4384;1,95;2,89;8,95;51,4465;5,4483;2,13;3,33;8,33;51,4422;5,4844;2,26;3,47;8,20;51,3706;5,1565;3,96;5,14;10,52;51,4454;5,4854;1,88;3,01;7,60;51,4414;5,4715;2,61;3,87;8,74;51,4815;5,5199;2,17;3,34;9,07;51,4681;5,3901;1,62;2,73;8,23;11559;51,3468;5,3887;4,07;5,10;10,48;51,4135;5,4707;1,68;2,74;7,90;51,5696;5,3114;2,91;3,97;10,44;51,4333;5,5199;2,84;4,10;9,93;51,4372;5,4233;2,81;3,97;10,12;51,4585;5,4050;2,93;4,31;9,86;51,4444;5,4788;2,69;3,99;8,98;51,4546;5,3887;2,38;3,82;9,39;8290;51,4492;5,4569;2,66;3,98;8,89;51,4354;5,4798;2,32;3,58;9,62;51,4375;5,4518;2,36;3,15;8,68;51,4797;5,4750;1,58;2,80;7,56;51,5296;5,4719;3,53;4,78;10,75;51,4386;5,4819;3,05;4,31;9,28;51,4686;5,4721;2,26;3,52;8,65;51,4389;5,4650;2,66;4,01;8,69;51,4528;5,4851;2,81;3,96;8,61;51,4320;5,6272;3,74;4,93;11,30;51,5923;5,7813;4,41;5,85;14,20;51,5304;5,2845;4,01;5,43;13,79;51,3564;5,6360;2,96;4,08;10,80;51,5836;5,5480;5,38;7,74;13,09;51,5091;5,3782;2,49;3,73;8,55;51,4769;5,2616;2,22;3,54;8,41;;;2,52;3,88;9,98;51,4736;5,6531;2,35;3,68;9,15;51,4692;5,6347;2,40;3,64;8,82;51,4777;5,6568;5,49;6,77;10,69;51,4165;5,1265;2,13;3,32;8,18;51,4904;5,3941;2,41;3,66;8,30
2021-10-05 00:00:00;2021-10-05 02:00:00;51,4379;5,3581;2,80;3,90;8,55;8187;51,5108;5,3606;3,02;4,21;9,30;51,4915;5,4392;1,71;2,89;8,97;51,4024;5,3514;6,25;7,27;11,99;51,4568;5,4383;1,90;2,73;8,07;51,4465;5,4483;2,21;3,32;7,65;51,4422;5,4844;2,44;3,56;7,67;51,3706;5,1565;4,54;5,73;10,51;51,4454;5,4854;2,17;3,24;7,33;51,4414;5,4713;2,71;3,91;8,06;51,4815;5,5199;2,22;3,22;8,36;51,4681;5,3901;1,66;2,65;7,58;8635;51,3468;5,3887;4,04;4,92;9,64;51,4135;5,4707;1,70;2,65;6,85;51,5696;5,3114;2,96;3,98;10,04;51,4332;5,5198;3,32;4,46;9,95;51,4372;5,4233;3,34;4,61;10,00;51,4585;5,4050;2,97;4,23;8,88;51,4444;5,4788;2,57;3,70;8,04;51,4546;5,3887;2,31;3,59;7,97;8465;51,4492;5,4570;2,69;3,84;8,15;51,4354;5,4798;2,35;3,44;8,59;51,4375;5,4517;2,38;3,13;8,11;51,4797;5,4751;1,63;2,69;6,68;51,5296;5,4719;3,55;4,65;9,52;51,4389;5,4822;3,64;4,84;9,29;51,4686;5,4721;2,36;3,55;8,10;51,4389;5,4650;2,63;3,94;8,13;51,4528;5,4851;2,96;4,08;8,16;51,4320;5,6272;4,02;5,06;10,30;51,5923;5,7812;4,40;5,62;13,42;51,5305;5,2846;4,19;5,59;13,12;51,3563;5,6360;3,00;3,99;9,69;51,5835;5,5480;2,53;3,91;9,79;51,5091;5,3782;2,58;3,71;7,59;51,4769;5,2616;2,39;3,70;7,67;;;3,38;4,69;9,91;51,4735;5,6531;2,75;3,99;8,51;51,4693;5,6347;2,35;3,40;7,31;51,4781;5,6568;6,84;8,14;11,73;51,4164;5,1265;1,93;3,00;7,56;51,4904;5,3941;2,48;3,59;7,84
2021-10-06 00:00:00;2021-10-06 02:00:00;51,4379;5,3582;6,44;8,60;14,43;7512;51,5108;5,3607;5,85;7,96;13,96;51,4915;5,4391;3,96;6,18;13,61;51,4025;5,3515;10,10;12,13;18,58;51,4567;5,4382;3,74;5,15;11,24;51,4465;5,4482;5,46;7,51;12,14;51,4422;5,4843;5,66;7,84;12,72;51,3706;5,1565;6,42;8,22;14,44;51,4454;5,4854;5,14;7,22;12,06;51,4414;5,4713;4,85;6,95;11,61;51,4815;5,5199;4,18;6,15;13,10;51,4681;5,3901;4,43;6,30;12,10;6433;51,3468;5,3887;7,64;9,30;15,39;51,4135;5,4707;4,79;6,59;11,34;51,5696;5,3114;4,61;6,32;12,86;51,4332;5,5197;6,37;8,62;15,84;51,4372;5,4233;5,37;7,27;13,84;51,4585;5,4050;6,25;8,48;14,43;51,4444;5,4788;5,51;7,61;13,09;51,4546;5,3888;5,61;7,93;12,90;8438;51,4492;5,4570;5,98;8,11;13,00;51,4354;5,4798;4,99;7,13;13,60;51,4374;5,4514;5,25;6,63;13,09;51,4797;5,4751;4,23;6,24;10,50;51,5296;5,4719;5,62;7,69;13,88;51,4388;5,4819;7,54;9,85;15,29;51,4686;5,4721;5,95;8,20;13,61;51,4389;5,4650;6,17;8,54;13,28;51,4528;5,4851;7,13;9,25;13,87;51,4320;5,6272;6,89;8,84;15,91;51,5923;5,7812;6,13;8,51;19,17;51,5305;5,2845;5,93;8,34;18,81;51,3565;5,6359;5,56;7,31;14,25;51,5835;5,5481;3,72;6,16;13,01;51,5091;5,3782;4,72;6,82;11,43;51,4768;5,2616;4,33;6,80;11,61;51,4660;5,6785;5,29;7,56;13,71;51,4735;5,6530;4,54;6,59;11,67;51,4693;5,6348;4,51;6,42;10,83;51,4776;5,6568;7,99;10,19;14,80;51,4165;5,1264;4,25;6,25;12,00;51,4904;5,3941;4,98;6,97;11,70
2021-10-07 00:00:00;2021-10-07 02:00:00;51,4379;5,3581;13,95;15,31;18,67;13381;51,5108;5,3606;13,03;13,93;16,98;51,4915;5,4391;12,99;14,13;17,88;51,4025;5,3514;15,60;16,87;20,85;51,4569;5,4384;12,16;13,26;16,82;51,4465;5,4484;19,11;21,00;24,54;51,4422;5,4844;18,10;19,81;23,36;51,3706;5,1565;12,39;14,17;19,27;51,4454;5,4854;17,64;19,56;23,08;51,4416;5,4713;14,07;15,94;19,54;51,4815;5,5199;12,03;12,91;15,80;51,4681;5,3901;13,53;14,47;17,19;10453;51,3468;5,3887;15,63;17,32;22,53;51,4135;5,4707;14,72;16,28;19,99;51,5696;5,3114;12,19;12,97;16,03;51,4332;5,5197;14,75;16,29;20,21;51,4372;5,4233;14,35;16,06;20,55;51,4583;5,4050;19,86;21,80;25,90;51,4444;5,4788;18,89;20,91;24,65;51,4546;5,3887;16,44;17,94;21,30;10418;51,4492;5,4569;20,11;21,76;24,79;51,4351;5,4799;15,53;17,62;22,52;51,4374;5,4514;17,06;18,74;22,83;51,4797;5,4751;15,86;16,93;19,50;51,5296;5,4719;17,49;18,49;21,76;51,4385;5,4818;22,26;24,53;28,69;51,4686;5,4721;22,68;24,58;27,94;51,4390;5,4650;19,63;21,66;25,45;51,4528;5,4851;22,61;24,39;27,94;51,4320;5,6272;18,64;20,13;24,06;51,5923;5,7812;21,24;22,35;25,49;51,5304;5,2845;12,02;13,03;16,76;51,3564;5,6360;15,12;16,49;20,43;51,5835;5,5481;16,39;17,77;20,41;51,5091;5,3782;14,81;16,46;19,17;51,4768;5,2616;8,02;9,06;12,04;51,4660;5,6786;21,23;22,94;26,28;51,4736;5,6530;18,78;20,62;23,26;51,4693;5,6347;18,91;20,43;23,10;51,4775;5,6568;23,02;25,12;28,01;51,4165;5,1264;8,78;10,48;14,66;51,4904;5,3941;13,84;14,97;17,69
